<root><partstitch x="18" y="25" /><partstitch x="18" y="25" /><partstitch x="18" y="25" /><partstitch x="18" y="25" /><partstitch x="18" y="25" /><partstitch x="19" y="25" /><partstitch x="19" y="25" /><partstitch x="19" y="25" /><partstitch x="20" y="24" /><partstitch x="20" y="24" /><partstitch x="20" y="24" /><partstitch x="21" y="24" /><partstitch x="22" y="24" /><partstitch x="22" y="24" /><partstitch x="23" y="24" /><partstitch x="23" y="24" /><partstitch x="24" y="24" /><partstitch x="25" y="24" /><partstitch x="25" y="24" /><partstitch x="26" y="24" /><partstitch x="27" y="24" /><partstitch x="28" y="24" /><partstitch x="28" y="24" /><partstitch x="29" y="24" /><partstitch x="30" y="24" /><partstitch x="31" y="24" /><partstitch x="32" y="24" /><partstitch x="33" y="24" /><partstitch x="34" y="24" /><partstitch x="35" y="24" /><partstitch x="36" y="24" /><partstitch x="37" y="24" /><partstitch x="39" y="24" /><partstitch x="41" y="23" /><partstitch x="43" y="23" /><partstitch x="45" y="23" /><partstitch x="48" y="23" /><partstitch x="51" y="23" /><partstitch x="54" y="23" /><partstitch x="57" y="23" /><partstitch x="60" y="23" /><partstitch x="63" y="23" /><partstitch x="67" y="23" /><partstitch x="69" y="23" /><partstitch x="72" y="22" /><partstitch x="74" y="22" /><partstitch x="76" y="22" /><partstitch x="77" y="22" /><partstitch x="78" y="22" /><partstitch x="79" y="22" /><partstitch x="79" y="22" /><partstitch x="79" y="22" /><partstitch x="79" y="22" /><partstitch x="79" y="22" /><partstitch x="79" y="23" /><partstitch x="79" y="24" /><partstitch x="79" y="25" /><partstitch x="79" y="26" /><partstitch x="79" y="27" /><partstitch x="79" y="29" /><partstitch x="79" y="31" /><partstitch x="79" y="33" /><partstitch x="79" y="36" /><partstitch x="79" y="38" /><partstitch x="79" y="41" /><partstitch x="79" y="44" /><partstitch x="79" y="47" /><partstitch x="79" y="49" /><partstitch x="79" y="52" /><partstitch x="79" y="54" /><partstitch x="79" y="55" /><partstitch x="79" y="57" /><partstitch x="79" y="58" /><partstitch x="79" y="59" /><partstitch x="79" y="60" /><partstitch x="79" y="60" /><partstitch x="79" y="61" /><partstitch x="79" y="61" /><partstitch x="79" y="61" /><partstitch x="79" y="61" /><partstitch x="79" y="61" /><partstitch x="79" y="61" /><partstitch x="78" y="61" /><partstitch x="77" y="61" /><partstitch x="76" y="61" /><partstitch x="75" y="61" /><partstitch x="74" y="61" /><partstitch x="72" y="61" /><partstitch x="70" y="61" /><partstitch x="67" y="60" /><partstitch x="63" y="60" /><partstitch x="60" y="60" /><partstitch x="57" y="60" /><partstitch x="53" y="60" /><partstitch x="50" y="59" /><partstitch x="47" y="59" /><partstitch x="45" y="59" /><partstitch x="42" y="59" /><partstitch x="40" y="59" /><partstitch x="38" y="58" /><partstitch x="36" y="58" /><partstitch x="34" y="58" /><partstitch x="32" y="58" /><partstitch x="30" y="58" /><partstitch x="28" y="58" /><partstitch x="27" y="58" /><partstitch x="26" y="58" /><partstitch x="26" y="58" /><partstitch x="26" y="58" /><partstitch x="25" y="58" /><partstitch x="25" y="58" /><partstitch x="25" y="58" /><partstitch x="25" y="58" /><partstitch x="25" y="58" /><partstitch x="25" y="58" /><partstitch x="26" y="57" /><partstitch x="26" y="57" /><partstitch x="26" y="57" /><partstitch x="26" y="56" /><partstitch x="26" y="56" /><partstitch x="26" y="55" /><partstitch x="26" y="55" /><partstitch x="26" y="54" /><partstitch x="26" y="54" /><partstitch x="25" y="53" /><partstitch x="25" y="52" /><partstitch x="25" y="52" /><partstitch x="25" y="51" /><partstitch x="25" y="50" /><partstitch x="24" y="47" /><partstitch x="24" y="46" /><partstitch x="24" y="45" /><partstitch x="24" y="44" /><partstitch x="23" y="42" /><partstitch x="23" y="41" /><partstitch x="22" y="40" /><partstitch x="22" y="39" /><partstitch x="22" y="38" /><partstitch x="22" y="37" /><partstitch x="22" y="36" /><partstitch x="21" y="35" /><partstitch x="21" y="34" /><partstitch x="21" y="33" /><partstitch x="21" y="32" /><partstitch x="21" y="31" /><partstitch x="21" y="30" /><partstitch x="21" y="30" /><partstitch x="21" y="29" /><partstitch x="21" y="28" /><partstitch x="21" y="28" /><partstitch x="21" y="27" /><partstitch x="21" y="26" /><partstitch x="21" y="26" /><partstitch x="21" y="25" /><partstitch x="21" y="25" /><partstitch x="21" y="25" /><partstitch x="21" y="25" /><partstitch x="21" y="25" /><partstitch x="21" y="24" /><partstitch x="22" y="24" /><partstitch x="22" y="24" /><partstitch x="22" y="24" /><partstitch x="22" y="24" /><partstitch x="22" y="24" /><partstitch x="22" y="23" /><partstitch x="22" y="23" /><partstitch x="22" y="23" /><partstitch x="22" y="23" /><partstitch x="26" y="25" /><partstitch x="27" y="25" /><partstitch x="27" y="25" /><partstitch x="27" y="25" /><partstitch x="28" y="26" /><partstitch x="29" y="26" /><partstitch x="30" y="28" /><partstitch x="32" y="29" /><partstitch x="34" y="31" /><partstitch x="37" y="32" /><partstitch x="41" y="35" /><partstitch x="45" y="38" /><partstitch x="50" y="40" /><partstitch x="54" y="43" /><partstitch x="58" y="45" /><partstitch x="62" y="47" /><partstitch x="65" y="49" /><partstitch x="67" y="50" /><partstitch x="69" y="52" /><partstitch x="71" y="53" /><partstitch x="72" y="53" /><partstitch x="72" y="54" /><partstitch x="73" y="54" /><partstitch x="73" y="54" /><partstitch x="73" y="54" /><partstitch x="72" y="54" /><partstitch x="72" y="54" /><partstitch x="71" y="54" /><partstitch x="33" y="56" /><partstitch x="33" y="56" /><partstitch x="33" y="56" /><partstitch x="33" y="56" /><partstitch x="34" y="56" /><partstitch x="34" y="55" /><partstitch x="34" y="55" /><partstitch x="35" y="54" /><partstitch x="36" y="54" /><partstitch x="36" y="53" /><partstitch x="37" y="52" /><partstitch x="38" y="52" /><partstitch x="38" y="51" /><partstitch x="39" y="51" /><partstitch x="40" y="50" /><partstitch x="40" y="50" /><partstitch x="41" y="49" /><partstitch x="41" y="49" /><partstitch x="42" y="48" /><partstitch x="43" y="48" /><partstitch x="43" y="47" /><partstitch x="44" y="47" /><partstitch x="44" y="47" /><partstitch x="45" y="46" /><partstitch x="45" y="46" /><partstitch x="46" y="46" /><partstitch x="46" y="45" /><partstitch x="46" y="45" /><partstitch x="47" y="45" /><partstitch x="47" y="44" /><partstitch x="48" y="44" /><partstitch x="48" y="44" /><partstitch x="48" y="44" /><partstitch x="48" y="44" /><partstitch x="49" y="43" /><partstitch x="49" y="43" /><partstitch x="49" y="43" /><partstitch x="49" y="43" /><partstitch x="50" y="43" /><partstitch x="50" y="42" /><partstitch x="50" y="42" /><partstitch x="50" y="42" /><partstitch x="51" y="42" /><partstitch x="51" y="42" /><partstitch x="51" y="41" /><partstitch x="52" y="41" /><partstitch x="52" y="41" /><partstitch x="53" y="40" /><partstitch x="53" y="40" /><partstitch x="54" y="40" /><partstitch x="54" y="39" /><partstitch x="55" y="39" /><partstitch x="56" y="38" /><partstitch x="56" y="38" /><partstitch x="57" y="37" /><partstitch x="58" y="37" /><partstitch x="58" y="36" /><partstitch x="59" y="36" /><partstitch x="59" y="36" /><partstitch x="60" y="35" /><partstitch x="60" y="35" /><partstitch x="60" y="35" /><partstitch x="61" y="35" /><partstitch x="61" y="34" /><partstitch x="62" y="34" /><partstitch x="62" y="34" /><partstitch x="63" y="33" /><partstitch x="64" y="33" /><partstitch x="65" y="32" /><partstitch x="66" y="32" /><partstitch x="66" y="31" /><partstitch x="67" y="31" /><partstitch x="68" y="30" /><partstitch x="69" y="30" /><partstitch x="70" y="29" /><partstitch x="71" y="28" /><partstitch x="72" y="28" /><partstitch x="73" y="27" /><partstitch x="74" y="27" /><partstitch x="75" y="26" /><partstitch x="75" y="26" /><partstitch x="76" y="26" /><partstitch x="76" y="25" /><partstitch x="77" y="25" /><partstitch x="77" y="25" /><partstitch x="77" y="25" /><partstitch x="77" y="25" /><partstitch x="77" y="25" /><partstitch x="77" y="25" /><partstitch x="77" y="25" /><partstitch x="77" y="25" /><partstitch x="76" y="25" /><partstitch x="29" y="27" /><partstitch x="29" y="27" /><partstitch x="29" y="27" /><partstitch x="29" y="27" /><partstitch x="29" y="27" /><partstitch x="29" y="27" /><partstitch x="29" y="27" /><partstitch x="29" y="27" /><partstitch x="30" y="27" /><partstitch x="30" y="27" /><partstitch x="30" y="28" /><partstitch x="30" y="28" /><partstitch x="30" y="28" /><partstitch x="30" y="28" /><partstitch x="30" y="28" /><partstitch x="31" y="28" /><partstitch x="31" y="28" /><partstitch x="32" y="28" /><partstitch x="32" y="28" /><partstitch x="33" y="28" /><partstitch x="33" y="29" /><partstitch x="34" y="29" /><partstitch x="34" y="29" /><partstitch x="35" y="30" /><partstitch x="35" y="30" /><partstitch x="36" y="30" /><partstitch x="36" y="31" /><partstitch x="37" y="31" /><partstitch x="37" y="31" /><partstitch x="38" y="31" /><partstitch x="38" y="31" /><partstitch x="38" y="31" /><partstitch x="38" y="32" /><partstitch x="39" y="32" /><partstitch x="39" y="32" /><partstitch x="39" y="32" /><partstitch x="39" y="32" /><partstitch x="39" y="32" /><partstitch x="40" y="32" /><partstitch x="40" y="32" /><partstitch x="40" y="32" /><partstitch x="40" y="32" /><partstitch x="40" y="33" /><partstitch x="41" y="33" /><partstitch x="41" y="33" /><partstitch x="42" y="33" /><partstitch x="42" y="34" /><partstitch x="42" y="34" /><partstitch x="43" y="34" /><partstitch x="43" y="35" /><partstitch x="44" y="35" /><partstitch x="44" y="35" /><partstitch x="45" y="36" /><partstitch x="45" y="36" /><partstitch x="46" y="37" /><partstitch x="46" y="37" /><partstitch x="47" y="38" /><partstitch x="47" y="38" /><partstitch x="48" y="38" /><partstitch x="49" y="39" /><partstitch x="49" y="39" /><partstitch x="50" y="39" /><partstitch x="50" y="40" /><partstitch x="51" y="40" /><partstitch x="51" y="41" /><partstitch x="52" y="41" /><partstitch x="52" y="41" /><partstitch x="53" y="42" /><partstitch x="53" y="42" /><partstitch x="54" y="42" /><partstitch x="54" y="43" /><partstitch x="54" y="43" /><partstitch x="55" y="43" /><partstitch x="55" y="44" /><partstitch x="56" y="44" /><partstitch x="56" y="44" /><partstitch x="56" y="45" /><partstitch x="57" y="45" /><partstitch x="57" y="46" /><partstitch x="58" y="46" /><partstitch x="58" y="46" /><partstitch x="59" y="47" /><partstitch x="59" y="47" /><partstitch x="60" y="47" /><partstitch x="60" y="48" /><partstitch x="61" y="48" /><partstitch x="61" y="49" /><partstitch x="62" y="49" /><partstitch x="62" y="50" /><partstitch x="63" y="50" /><partstitch x="63" y="50" /><partstitch x="63" y="51" /><partstitch x="64" y="51" /><partstitch x="64" y="51" /><partstitch x="64" y="51" /><partstitch x="65" y="52" /><partstitch x="65" y="52" /><partstitch x="66" y="52" /><partstitch x="66" y="52" /><partstitch x="66" y="53" /><partstitch x="67" y="53" /><partstitch x="67" y="53" /><partstitch x="68" y="54" /><partstitch x="68" y="54" /><partstitch x="68" y="54" /><partstitch x="69" y="54" /><partstitch x="69" y="54" /><partstitch x="69" y="55" /><partstitch x="70" y="55" /><partstitch x="70" y="55" /><partstitch x="70" y="55" /><partstitch x="70" y="55" /><partstitch x="71" y="56" /><partstitch x="71" y="56" /><partstitch x="71" y="56" /><partstitch x="72" y="56" /><partstitch x="72" y="56" /><partstitch x="72" y="56" /><partstitch x="72" y="57" /><partstitch x="73" y="57" /><partstitch x="73" y="57" /><partstitch x="74" y="57" /><partstitch x="74" y="58" /><partstitch x="74" y="58" /><partstitch x="74" y="58" /><partstitch x="75" y="58" /><partstitch x="75" y="59" /><partstitch x="76" y="59" /><partstitch x="76" y="59" /><partstitch x="76" y="59" /><partstitch x="76" y="59" /><partstitch x="76" y="60" /><partstitch x="76" y="60" /><partstitch x="77" y="60" /><partstitch x="77" y="60" /><partstitch x="77" y="60" /><partstitch x="77" y="60" /><partstitch x="77" y="60" /><partstitch x="77" y="60" /><partstitch x="77" y="60" /><partstitch x="77" y="60" /><partstitch x="77" y="60" /><partstitch x="77" y="60" /><partstitch x="77" y="60" /></root>