<root><partstitch x="49" y="25" /><partstitch x="49" y="25" /><partstitch x="49" y="25" /><partstitch x="48" y="26" /><partstitch x="48" y="26" /><partstitch x="48" y="27" /><partstitch x="48" y="27" /><partstitch x="47" y="28" /><partstitch x="47" y="29" /><partstitch x="46" y="30" /><partstitch x="46" y="30" /><partstitch x="45" y="31" /><partstitch x="45" y="32" /><partstitch x="44" y="32" /><partstitch x="44" y="33" /><partstitch x="44" y="34" /><partstitch x="44" y="34" /><partstitch x="43" y="35" /><partstitch x="43" y="36" /><partstitch x="42" y="36" /><partstitch x="42" y="37" /><partstitch x="42" y="37" /><partstitch x="41" y="38" /><partstitch x="41" y="38" /><partstitch x="41" y="39" /><partstitch x="40" y="39" /><partstitch x="40" y="40" /><partstitch x="40" y="40" /><partstitch x="39" y="40" /><partstitch x="39" y="41" /><partstitch x="39" y="41" /><partstitch x="38" y="42" /><partstitch x="38" y="42" /><partstitch x="38" y="43" /><partstitch x="37" y="43" /><partstitch x="37" y="44" /><partstitch x="36" y="44" /><partstitch x="36" y="45" /><partstitch x="36" y="46" /><partstitch x="35" y="46" /><partstitch x="35" y="47" /><partstitch x="34" y="48" /><partstitch x="34" y="48" /><partstitch x="33" y="49" /><partstitch x="33" y="50" /><partstitch x="32" y="51" /><partstitch x="32" y="52" /><partstitch x="31" y="53" /><partstitch x="31" y="54" /><partstitch x="30" y="55" /><partstitch x="30" y="56" /><partstitch x="29" y="57" /><partstitch x="29" y="58" /><partstitch x="28" y="59" /><partstitch x="28" y="60" /><partstitch x="27" y="60" /><partstitch x="26" y="61" /><partstitch x="26" y="62" /><partstitch x="26" y="63" /><partstitch x="25" y="64" /><partstitch x="24" y="64" /><partstitch x="24" y="65" /><partstitch x="23" y="66" /><partstitch x="23" y="67" /><partstitch x="22" y="68" /><partstitch x="22" y="68" /><partstitch x="22" y="69" /><partstitch x="21" y="69" /><partstitch x="21" y="70" /><partstitch x="21" y="70" /><partstitch x="20" y="70" /><partstitch x="20" y="71" /><partstitch x="20" y="71" /><partstitch x="20" y="72" /><partstitch x="20" y="72" /><partstitch x="19" y="72" /><partstitch x="19" y="73" /><partstitch x="19" y="73" /><partstitch x="19" y="73" /><partstitch x="19" y="74" /><partstitch x="19" y="74" /><partstitch x="19" y="74" /><partstitch x="19" y="74" /><partstitch x="19" y="74" /><partstitch x="20" y="74" /><partstitch x="20" y="74" /><partstitch x="20" y="73" /><partstitch x="20" y="73" /><partstitch x="21" y="73" /><partstitch x="22" y="73" /><partstitch x="22" y="72" /><partstitch x="24" y="72" /><partstitch x="24" y="72" /><partstitch x="26" y="71" /><partstitch x="26" y="71" /><partstitch x="28" y="70" /><partstitch x="29" y="70" /><partstitch x="30" y="70" /><partstitch x="31" y="69" /><partstitch x="32" y="68" /><partstitch x="34" y="68" /><partstitch x="35" y="68" /><partstitch x="36" y="67" /><partstitch x="38" y="66" /><partstitch x="39" y="66" /><partstitch x="41" y="65" /><partstitch x="43" y="65" /><partstitch x="44" y="64" /><partstitch x="46" y="63" /><partstitch x="47" y="63" /><partstitch x="49" y="62" /><partstitch x="51" y="62" /><partstitch x="52" y="61" /><partstitch x="54" y="60" /><partstitch x="56" y="60" /><partstitch x="57" y="59" /><partstitch x="59" y="59" /><partstitch x="60" y="58" /><partstitch x="61" y="58" /><partstitch x="62" y="58" /><partstitch x="63" y="57" /><partstitch x="64" y="57" /><partstitch x="65" y="57" /><partstitch x="65" y="56" /><partstitch x="66" y="56" /><partstitch x="66" y="56" /><partstitch x="67" y="56" /><partstitch x="67" y="56" /><partstitch x="67" y="55" /><partstitch x="68" y="55" /><partstitch x="68" y="55" /><partstitch x="68" y="55" /><partstitch x="68" y="55" /><partstitch x="69" y="54" /><partstitch x="69" y="54" /><partstitch x="70" y="54" /><partstitch x="70" y="54" /><partstitch x="70" y="54" /><partstitch x="71" y="53" /><partstitch x="71" y="53" /><partstitch x="71" y="53" /><partstitch x="71" y="53" /><partstitch x="72" y="53" /><partstitch x="72" y="53" /><partstitch x="72" y="53" /><partstitch x="72" y="53" /><partstitch x="72" y="53" /><partstitch x="72" y="52" /><partstitch x="72" y="52" /><partstitch x="72" y="52" /><partstitch x="72" y="52" /><partstitch x="72" y="52" /><partstitch x="72" y="52" /><partstitch x="72" y="51" /><partstitch x="72" y="51" /><partstitch x="73" y="51" /><partstitch x="73" y="50" /><partstitch x="73" y="50" /><partstitch x="73" y="50" /><partstitch x="73" y="50" /><partstitch x="73" y="50" /><partstitch x="73" y="50" /><partstitch x="73" y="49" /><partstitch x="73" y="49" /><partstitch x="73" y="49" /><partstitch x="73" y="49" /><partstitch x="73" y="49" /><partstitch x="73" y="49" /><partstitch x="73" y="48" /><partstitch x="73" y="48" /><partstitch x="73" y="48" /><partstitch x="73" y="48" /><partstitch x="73" y="47" /><partstitch x="73" y="47" /><partstitch x="73" y="46" /><partstitch x="73" y="46" /><partstitch x="73" y="46" /><partstitch x="73" y="45" /><partstitch x="73" y="45" /><partstitch x="73" y="44" /><partstitch x="73" y="44" /><partstitch x="73" y="43" /><partstitch x="73" y="43" /><partstitch x="73" y="42" /><partstitch x="73" y="42" /><partstitch x="72" y="41" /><partstitch x="72" y="40" /><partstitch x="72" y="40" /><partstitch x="72" y="40" /><partstitch x="72" y="39" /><partstitch x="72" y="39" /><partstitch x="72" y="39" /><partstitch x="72" y="38" /><partstitch x="71" y="38" /><partstitch x="71" y="38" /><partstitch x="71" y="38" /><partstitch x="71" y="38" /><partstitch x="71" y="37" /><partstitch x="71" y="37" /><partstitch x="70" y="37" /><partstitch x="70" y="36" /><partstitch x="70" y="36" /><partstitch x="70" y="36" /><partstitch x="69" y="35" /><partstitch x="69" y="35" /><partstitch x="68" y="34" /><partstitch x="68" y="34" /><partstitch x="68" y="33" /><partstitch x="67" y="33" /><partstitch x="67" y="32" /><partstitch x="66" y="32" /><partstitch x="66" y="31" /><partstitch x="65" y="30" /><partstitch x="64" y="30" /><partstitch x="64" y="30" /><partstitch x="63" y="29" /><partstitch x="63" y="29" /><partstitch x="62" y="28" /><partstitch x="62" y="28" /><partstitch x="61" y="28" /><partstitch x="61" y="27" /><partstitch x="60" y="27" /><partstitch x="60" y="27" /><partstitch x="59" y="27" /><partstitch x="59" y="26" /><partstitch x="58" y="26" /><partstitch x="58" y="26" /><partstitch x="57" y="26" /><partstitch x="56" y="25" /><partstitch x="56" y="25" /><partstitch x="55" y="25" /><partstitch x="55" y="25" /><partstitch x="54" y="24" /><partstitch x="54" y="24" /><partstitch x="54" y="24" /><partstitch x="53" y="24" /><partstitch x="52" y="24" /><partstitch x="52" y="24" /><partstitch x="52" y="24" /><partstitch x="51" y="24" /><partstitch x="51" y="24" /><partstitch x="51" y="24" /><partstitch x="50" y="24" /><partstitch x="50" y="24" /><partstitch x="50" y="24" /><partstitch x="50" y="24" /><partstitch x="50" y="24" /><partstitch x="50" y="24" /><partstitch x="49" y="24" /><partstitch x="49" y="24" /><partstitch x="49" y="24" /><partstitch x="48" y="24" /><partstitch x="48" y="25" /><partstitch x="48" y="25" /><partstitch x="48" y="25" /><partstitch x="48" y="25" /><partstitch x="48" y="25" /><partstitch x="42" y="36" /><partstitch x="42" y="36" /><partstitch x="43" y="37" /><partstitch x="44" y="38" /><partstitch x="46" y="39" /><partstitch x="48" y="40" /><partstitch x="50" y="42" /><partstitch x="52" y="43" /><partstitch x="53" y="44" /><partstitch x="54" y="45" /><partstitch x="55" y="46" /><partstitch x="56" y="46" /><partstitch x="56" y="47" /><partstitch x="57" y="48" /><partstitch x="57" y="48" /><partstitch x="57" y="49" /><partstitch x="57" y="49" /><partstitch x="57" y="50" /><partstitch x="57" y="50" /><partstitch x="57" y="51" /><partstitch x="57" y="51" /><partstitch x="57" y="52" /><partstitch x="57" y="52" /><partstitch x="57" y="52" /><partstitch x="57" y="52" /><partstitch x="57" y="52" /><partstitch x="57" y="52" /><partstitch x="57" y="52" /><partstitch x="57" y="52" /><partstitch x="57" y="53" /><partstitch x="56" y="53" /><partstitch x="56" y="53" /><partstitch x="56" y="54" /><partstitch x="56" y="54" /><partstitch x="56" y="54" /><partstitch x="56" y="55" /><partstitch x="55" y="55" /><partstitch x="55" y="56" /><partstitch x="55" y="57" /><partstitch x="55" y="57" /><partstitch x="55" y="58" /><partstitch x="55" y="59" /><partstitch x="55" y="59" /><partstitch x="55" y="60" /><partstitch x="55" y="60" /><partstitch x="55" y="60" /><partstitch x="55" y="61" /><partstitch x="55" y="61" /><partstitch x="55" y="61" /><partstitch x="55" y="61" /><partstitch x="55" y="61" /><partstitch x="55" y="61" /><partstitch x="55" y="61" /><partstitch x="54" y="61" /><partstitch x="54" y="61" /><partstitch x="32" y="52" /><partstitch x="32" y="52" /><partstitch x="33" y="52" /><partstitch x="33" y="52" /><partstitch x="33" y="52" /><partstitch x="34" y="52" /><partstitch x="34" y="53" /><partstitch x="35" y="53" /><partstitch x="36" y="54" /><partstitch x="38" y="55" /><partstitch x="39" y="55" /><partstitch x="40" y="56" /><partstitch x="41" y="57" /><partstitch x="41" y="57" /><partstitch x="42" y="58" /><partstitch x="42" y="58" /><partstitch x="42" y="59" /><partstitch x="43" y="59" /><partstitch x="43" y="59" /><partstitch x="43" y="60" /><partstitch x="43" y="60" /><partstitch x="43" y="60" /><partstitch x="43" y="60" /><partstitch x="43" y="61" /><partstitch x="43" y="61" /><partstitch x="43" y="61" /><partstitch x="43" y="61" /><partstitch x="43" y="61" /><partstitch x="43" y="61" /><partstitch x="43" y="62" /><partstitch x="43" y="62" /><partstitch x="43" y="62" /><partstitch x="43" y="62" /><partstitch x="43" y="62" /><partstitch x="43" y="62" /><partstitch x="43" y="63" /><partstitch x="43" y="63" /><partstitch x="43" y="63" /><partstitch x="43" y="63" /><partstitch x="43" y="63" /><partstitch x="43" y="63" /><partstitch x="43" y="64" /><partstitch x="43" y="64" /><partstitch x="27" y="62" /><partstitch x="27" y="62" /><partstitch x="27" y="62" /><partstitch x="27" y="62" /><partstitch x="28" y="62" /><partstitch x="28" y="62" /><partstitch x="28" y="63" /><partstitch x="28" y="64" /><partstitch x="29" y="65" /><partstitch x="30" y="66" /><partstitch x="31" y="67" /><partstitch x="32" y="68" /><partstitch x="33" y="68" /><partstitch x="33" y="69" /><partstitch x="33" y="69" /><partstitch x="33" y="69" /><partstitch x="33" y="70" /><partstitch x="33" y="70" /><partstitch x="34" y="69" /><partstitch x="58" y="24" /><partstitch x="58" y="24" /><partstitch x="59" y="24" /><partstitch x="60" y="24" /><partstitch x="60" y="25" /><partstitch x="61" y="25" /><partstitch x="62" y="26" /><partstitch x="63" y="26" /><partstitch x="63" y="26" /><partstitch x="63" y="26" /><partstitch x="64" y="26" /><partstitch x="64" y="26" /><partstitch x="64" y="26" /><partstitch x="64" y="25" /><partstitch x="64" y="25" /><partstitch x="64" y="25" /><partstitch x="64" y="24" /><partstitch x="64" y="24" /><partstitch x="64" y="23" /><partstitch x="64" y="23" /><partstitch x="64" y="22" /><partstitch x="65" y="22" /><partstitch x="65" y="21" /><partstitch x="65" y="21" /><partstitch x="65" y="20" /><partstitch x="65" y="20" /><partstitch x="65" y="19" /><partstitch x="65" y="18" /><partstitch x="65" y="17" /><partstitch x="65" y="17" /><partstitch x="66" y="16" /><partstitch x="66" y="16" /><partstitch x="66" y="15" /><partstitch x="66" y="15" /><partstitch x="66" y="15" /><partstitch x="66" y="14" /><partstitch x="66" y="14" /><partstitch x="66" y="14" /><partstitch x="66" y="13" /><partstitch x="66" y="13" /><partstitch x="66" y="13" /><partstitch x="66" y="12" /><partstitch x="66" y="12" /><partstitch x="66" y="12" /><partstitch x="66" y="12" /><partstitch x="67" y="12" /><partstitch x="67" y="11" /><partstitch x="67" y="11" /><partstitch x="67" y="11" /><partstitch x="67" y="11" /><partstitch x="67" y="11" /><partstitch x="67" y="10" /><partstitch x="68" y="10" /><partstitch x="68" y="10" /><partstitch x="68" y="10" /><partstitch x="68" y="10" /><partstitch x="69" y="9" /><partstitch x="69" y="9" /><partstitch x="70" y="9" /><partstitch x="70" y="8" /><partstitch x="70" y="8" /><partstitch x="70" y="8" /><partstitch x="70" y="8" /><partstitch x="71" y="8" /><partstitch x="71" y="8" /><partstitch x="71" y="8" /><partstitch x="71" y="8" /><partstitch x="70" y="8" /><partstitch x="70" y="9" /><partstitch x="70" y="10" /><partstitch x="70" y="10" /><partstitch x="70" y="11" /><partstitch x="69" y="11" /><partstitch x="69" y="11" /><partstitch x="69" y="12" /><partstitch x="69" y="12" /><partstitch x="69" y="12" /><partstitch x="69" y="12" /><partstitch x="69" y="12" /><partstitch x="69" y="12" /><partstitch x="69" y="13" /><partstitch x="69" y="13" /><partstitch x="69" y="13" /><partstitch x="69" y="13" /><partstitch x="69" y="13" /><partstitch x="69" y="13" /><partstitch x="69" y="14" /><partstitch x="69" y="14" /><partstitch x="70" y="14" /><partstitch x="70" y="15" /><partstitch x="72" y="15" /><partstitch x="73" y="16" /><partstitch x="75" y="16" /><partstitch x="76" y="17" /><partstitch x="77" y="17" /><partstitch x="78" y="17" /><partstitch x="78" y="17" /><partstitch x="78" y="17" /><partstitch x="78" y="17" /><partstitch x="78" y="17" /><partstitch x="78" y="16" /><partstitch x="78" y="16" /><partstitch x="78" y="16" /><partstitch x="78" y="16" /><partstitch x="78" y="16" /><partstitch x="78" y="16" /><partstitch x="78" y="16" /><partstitch x="77" y="15" /><partstitch x="77" y="15" /><partstitch x="77" y="15" /><partstitch x="77" y="15" /><partstitch x="77" y="16" /><partstitch x="76" y="16" /><partstitch x="76" y="16" /><partstitch x="76" y="17" /><partstitch x="76" y="18" /><partstitch x="76" y="18" /><partstitch x="76" y="18" /><partstitch x="76" y="18" /><partstitch x="76" y="18" /><partstitch x="76" y="18" /><partstitch x="76" y="18" /><partstitch x="76" y="18" /><partstitch x="77" y="18" /><partstitch x="77" y="18" /><partstitch x="78" y="18" /><partstitch x="78" y="18" /><partstitch x="78" y="18" /><partstitch x="79" y="17" /><partstitch x="80" y="17" /><partstitch x="80" y="16" /><partstitch x="81" y="16" /><partstitch x="82" y="15" /><partstitch x="83" y="15" /><partstitch x="83" y="14" /><partstitch x="83" y="14" /><partstitch x="84" y="14" /><partstitch x="84" y="14" /><partstitch x="84" y="14" /><partstitch x="83" y="14" /><partstitch x="83" y="15" /><partstitch x="82" y="16" /><partstitch x="82" y="17" /><partstitch x="81" y="18" /><partstitch x="81" y="19" /><partstitch x="80" y="20" /><partstitch x="80" y="20" /><partstitch x="80" y="21" /><partstitch x="80" y="21" /><partstitch x="80" y="21" /><partstitch x="80" y="22" /><partstitch x="81" y="22" /><partstitch x="81" y="22" /><partstitch x="81" y="22" /><partstitch x="81" y="22" /><partstitch x="81" y="22" /><partstitch x="82" y="23" /><partstitch x="82" y="23" /><partstitch x="82" y="23" /><partstitch x="82" y="23" /><partstitch x="82" y="23" /><partstitch x="83" y="23" /><partstitch x="83" y="23" /><partstitch x="83" y="23" /><partstitch x="83" y="23" /><partstitch x="83" y="23" /><partstitch x="83" y="24" /><partstitch x="83" y="24" /><partstitch x="83" y="24" /><partstitch x="83" y="24" /><partstitch x="83" y="24" /><partstitch x="82" y="25" /><partstitch x="82" y="25" /><partstitch x="81" y="25" /><partstitch x="80" y="26" /><partstitch x="80" y="26" /><partstitch x="80" y="26" /><partstitch x="80" y="26" /><partstitch x="80" y="26" /><partstitch x="80" y="26" /><partstitch x="80" y="27" /><partstitch x="80" y="27" /><partstitch x="80" y="27" /><partstitch x="79" y="27" /><partstitch x="79" y="27" /><partstitch x="78" y="26" /><partstitch x="78" y="26" /><partstitch x="77" y="26" /><partstitch x="76" y="25" /><partstitch x="75" y="25" /><partstitch x="74" y="25" /><partstitch x="74" y="24" /><partstitch x="73" y="24" /><partstitch x="72" y="24" /><partstitch x="72" y="24" /><partstitch x="72" y="24" /><partstitch x="72" y="24" /><partstitch x="72" y="24" /><partstitch x="72" y="24" /><partstitch x="72" y="25" /><partstitch x="73" y="25" /><partstitch x="74" y="26" /><partstitch x="74" y="26" /><partstitch x="75" y="26" /><partstitch x="76" y="26" /><partstitch x="77" y="27" /><partstitch x="77" y="27" /><partstitch x="78" y="27" /><partstitch x="78" y="27" /><partstitch x="77" y="27" /><partstitch x="77" y="27" /><partstitch x="77" y="27" /><partstitch x="77" y="27" /><partstitch x="77" y="27" /><partstitch x="76" y="27" /><partstitch x="76" y="27" /><partstitch x="76" y="27" /><partstitch x="76" y="27" /><partstitch x="76" y="27" /><partstitch x="76" y="28" /><partstitch x="76" y="28" /><partstitch x="76" y="28" /><partstitch x="77" y="29" /><partstitch x="78" y="29" /><partstitch x="79" y="30" /><partstitch x="81" y="30" /><partstitch x="81" y="30" /><partstitch x="82" y="31" /><partstitch x="83" y="31" /><partstitch x="84" y="31" /><partstitch x="84" y="31" /><partstitch x="84" y="31" /><partstitch x="84" y="31" /><partstitch x="84" y="31" /><partstitch x="84" y="31" /><partstitch x="83" y="31" /><partstitch x="83" y="31" /><partstitch x="82" y="32" /><partstitch x="81" y="32" /><partstitch x="80" y="32" /><partstitch x="80" y="33" /><partstitch x="79" y="34" /><partstitch x="79" y="35" /><partstitch x="79" y="35" /><partstitch x="80" y="36" /><partstitch x="80" y="37" /><partstitch x="81" y="37" /><partstitch x="82" y="38" /><partstitch x="83" y="38" /><partstitch x="83" y="38" /><partstitch x="83" y="38" /><partstitch x="82" y="37" /><partstitch x="81" y="37" /><partstitch x="80" y="36" /><partstitch x="79" y="36" /><partstitch x="77" y="36" /><partstitch x="76" y="35" /><partstitch x="75" y="35" /><partstitch x="74" y="35" /><partstitch x="74" y="35" /><partstitch x="73" y="35" /><partstitch x="72" y="35" /><partstitch x="72" y="36" /><partstitch x="72" y="36" /><partstitch x="71" y="36" /><partstitch x="71" y="36" /><partstitch x="71" y="36" /><partstitch x="70" y="36" /><partstitch x="70" y="36" /><partstitch x="70" y="36" /><partstitch x="69" y="36" /><partstitch x="68" y="36" /><partstitch x="68" y="36" /><partstitch x="67" y="35" /><partstitch x="66" y="34" /><partstitch x="64" y="34" /><partstitch x="64" y="34" /><partstitch x="63" y="34" /><partstitch x="64" y="34" /><partstitch x="65" y="34" /><partstitch x="67" y="35" /><partstitch x="68" y="35" /><partstitch x="70" y="36" /><partstitch x="71" y="36" /><partstitch x="71" y="36" /><partstitch x="72" y="36" /><partstitch x="72" y="36" /><partstitch x="71" y="36" /><partstitch x="70" y="35" /><partstitch x="70" y="35" /><partstitch x="69" y="35" /><partstitch x="68" y="34" /><partstitch x="68" y="34" /><partstitch x="68" y="34" /><partstitch x="68" y="34" /><partstitch x="68" y="34" /><partstitch x="68" y="33" /><partstitch x="68" y="33" /><partstitch x="68" y="33" /><partstitch x="67" y="33" /><partstitch x="67" y="33" /><partstitch x="67" y="33" /><partstitch x="67" y="33" /><partstitch x="67" y="32" /><partstitch x="67" y="32" /><partstitch x="67" y="32" /><partstitch x="67" y="32" /><partstitch x="66" y="32" /><partstitch x="66" y="32" /><partstitch x="66" y="31" /><partstitch x="66" y="31" /><partstitch x="66" y="31" /><partstitch x="66" y="31" /><partstitch x="67" y="30" /><partstitch x="67" y="30" /><partstitch x="67" y="30" /><partstitch x="68" y="29" /><partstitch x="68" y="28" /><partstitch x="68" y="28" /><partstitch x="68" y="28" /><partstitch x="68" y="27" /><partstitch x="68" y="27" /><partstitch x="68" y="27" /><partstitch x="68" y="27" /><partstitch x="67" y="27" /><partstitch x="67" y="27" /><partstitch x="67" y="27" /><partstitch x="66" y="27" /><partstitch x="66" y="28" /><partstitch x="66" y="28" /><partstitch x="66" y="28" /><partstitch x="65" y="28" /><partstitch x="65" y="28" /><partstitch x="65" y="28" /><partstitch x="65" y="27" /><partstitch x="65" y="27" /><partstitch x="65" y="26" /><partstitch x="65" y="25" /><partstitch x="65" y="24" /><partstitch x="65" y="23" /><partstitch x="65" y="22" /><partstitch x="65" y="21" /><partstitch x="64" y="20" /><partstitch x="64" y="19" /><partstitch x="64" y="18" /><partstitch x="64" y="17" /><partstitch x="64" y="17" /><partstitch x="64" y="16" /><partstitch x="64" y="16" /><partstitch x="64" y="16" /><partstitch x="64" y="16" /><partstitch x="64" y="17" /></root>