<root><partstitch x="30" y="20" /><partstitch x="30" y="20" /><partstitch x="29" y="20" /><partstitch x="29" y="20" /><partstitch x="29" y="20" /><partstitch x="28" y="21" /><partstitch x="28" y="21" /><partstitch x="27" y="21" /><partstitch x="27" y="22" /><partstitch x="27" y="22" /><partstitch x="26" y="22" /><partstitch x="26" y="23" /><partstitch x="26" y="23" /><partstitch x="26" y="23" /><partstitch x="26" y="24" /><partstitch x="26" y="24" /><partstitch x="25" y="24" /><partstitch x="25" y="25" /><partstitch x="25" y="25" /><partstitch x="25" y="26" /><partstitch x="25" y="26" /><partstitch x="25" y="26" /><partstitch x="25" y="26" /><partstitch x="25" y="27" /><partstitch x="25" y="27" /><partstitch x="25" y="27" /><partstitch x="25" y="28" /><partstitch x="25" y="28" /><partstitch x="26" y="28" /><partstitch x="26" y="28" /><partstitch x="26" y="29" /><partstitch x="26" y="29" /><partstitch x="26" y="29" /><partstitch x="27" y="30" /><partstitch x="27" y="30" /><partstitch x="27" y="30" /><partstitch x="28" y="31" /><partstitch x="28" y="31" /><partstitch x="29" y="31" /><partstitch x="29" y="32" /><partstitch x="30" y="32" /><partstitch x="30" y="32" /><partstitch x="31" y="32" /><partstitch x="32" y="32" /><partstitch x="32" y="32" /><partstitch x="33" y="32" /><partstitch x="34" y="32" /><partstitch x="35" y="32" /><partstitch x="36" y="32" /><partstitch x="36" y="32" /><partstitch x="36" y="32" /><partstitch x="37" y="31" /><partstitch x="38" y="31" /><partstitch x="38" y="31" /><partstitch x="39" y="30" /><partstitch x="39" y="30" /><partstitch x="39" y="29" /><partstitch x="40" y="29" /><partstitch x="40" y="28" /><partstitch x="40" y="28" /><partstitch x="40" y="27" /><partstitch x="40" y="26" /><partstitch x="40" y="26" /><partstitch x="40" y="26" /><partstitch x="40" y="25" /><partstitch x="40" y="25" /><partstitch x="40" y="24" /><partstitch x="40" y="24" /><partstitch x="39" y="24" /><partstitch x="39" y="23" /><partstitch x="39" y="23" /><partstitch x="38" y="23" /><partstitch x="38" y="23" /><partstitch x="38" y="22" /><partstitch x="37" y="22" /><partstitch x="37" y="22" /><partstitch x="37" y="22" /><partstitch x="36" y="22" /><partstitch x="36" y="22" /><partstitch x="35" y="22" /><partstitch x="34" y="22" /><partstitch x="34" y="22" /><partstitch x="33" y="22" /><partstitch x="32" y="22" /><partstitch x="32" y="21" /><partstitch x="32" y="21" /><partstitch x="31" y="21" /><partstitch x="31" y="21" /><partstitch x="30" y="21" /><partstitch x="30" y="21" /><partstitch x="30" y="21" /><partstitch x="30" y="21" /><partstitch x="29" y="21" /><partstitch x="29" y="21" /><partstitch x="29" y="21" /><partstitch x="29" y="21" /><partstitch x="28" y="21" /><partstitch x="28" y="21" /><partstitch x="28" y="21" /><partstitch x="28" y="21" /><partstitch x="28" y="21" /><partstitch x="28" y="21" /><partstitch x="27" y="21" /><partstitch x="27" y="21" /><partstitch x="27" y="21" /><partstitch x="27" y="22" /><partstitch x="31" y="27" /><partstitch x="31" y="27" /><partstitch x="31" y="27" /><partstitch x="60" y="22" /><partstitch x="59" y="22" /><partstitch x="59" y="22" /><partstitch x="58" y="22" /><partstitch x="58" y="22" /><partstitch x="58" y="23" /><partstitch x="57" y="23" /><partstitch x="57" y="24" /><partstitch x="56" y="24" /><partstitch x="56" y="24" /><partstitch x="56" y="25" /><partstitch x="56" y="26" /><partstitch x="56" y="26" /><partstitch x="56" y="26" /><partstitch x="56" y="27" /><partstitch x="56" y="28" /><partstitch x="56" y="28" /><partstitch x="57" y="29" /><partstitch x="57" y="29" /><partstitch x="58" y="30" /><partstitch x="58" y="30" /><partstitch x="58" y="30" /><partstitch x="59" y="30" /><partstitch x="60" y="31" /><partstitch x="60" y="31" /><partstitch x="61" y="31" /><partstitch x="61" y="31" /><partstitch x="62" y="31" /><partstitch x="63" y="31" /><partstitch x="63" y="31" /><partstitch x="64" y="31" /><partstitch x="64" y="30" /><partstitch x="65" y="30" /><partstitch x="66" y="30" /><partstitch x="66" y="29" /><partstitch x="66" y="28" /><partstitch x="66" y="28" /><partstitch x="67" y="27" /><partstitch x="67" y="27" /><partstitch x="67" y="26" /><partstitch x="67" y="25" /><partstitch x="66" y="25" /><partstitch x="66" y="24" /><partstitch x="66" y="24" /><partstitch x="66" y="23" /><partstitch x="65" y="23" /><partstitch x="65" y="23" /><partstitch x="64" y="23" /><partstitch x="64" y="23" /><partstitch x="63" y="22" /><partstitch x="63" y="22" /><partstitch x="62" y="22" /><partstitch x="62" y="22" /><partstitch x="61" y="22" /><partstitch x="61" y="22" /><partstitch x="60" y="22" /><partstitch x="60" y="27" /><partstitch x="35" y="18" /><partstitch x="35" y="18" /><partstitch x="35" y="18" /><partstitch x="35" y="18" /><partstitch x="35" y="18" /><partstitch x="35" y="18" /><partstitch x="35" y="18" /><partstitch x="35" y="17" /><partstitch x="36" y="17" /><partstitch x="36" y="17" /><partstitch x="36" y="17" /><partstitch x="36" y="17" /><partstitch x="36" y="17" /><partstitch x="36" y="17" /><partstitch x="36" y="17" /><partstitch x="37" y="17" /><partstitch x="37" y="17" /><partstitch x="38" y="17" /><partstitch x="39" y="17" /><partstitch x="40" y="17" /><partstitch x="41" y="17" /><partstitch x="42" y="17" /><partstitch x="44" y="17" /><partstitch x="45" y="17" /><partstitch x="46" y="17" /><partstitch x="48" y="17" /><partstitch x="49" y="17" /><partstitch x="50" y="17" /><partstitch x="51" y="18" /><partstitch x="53" y="18" /><partstitch x="54" y="18" /><partstitch x="55" y="18" /><partstitch x="56" y="18" /><partstitch x="57" y="18" /><partstitch x="57" y="18" /><partstitch x="58" y="18" /><partstitch x="58" y="18" /><partstitch x="58" y="18" /><partstitch x="58" y="17" /><partstitch x="58" y="17" /><partstitch x="57" y="17" /><partstitch x="57" y="16" /><partstitch x="57" y="15" /><partstitch x="57" y="15" /><partstitch x="57" y="14" /><partstitch x="57" y="14" /><partstitch x="57" y="13" /><partstitch x="57" y="12" /><partstitch x="56" y="12" /><partstitch x="56" y="11" /><partstitch x="56" y="11" /><partstitch x="56" y="11" /><partstitch x="56" y="11" /><partstitch x="56" y="10" /><partstitch x="56" y="10" /><partstitch x="56" y="10" /><partstitch x="56" y="10" /><partstitch x="56" y="10" /><partstitch x="56" y="10" /><partstitch x="55" y="10" /><partstitch x="55" y="10" /><partstitch x="55" y="10" /><partstitch x="54" y="10" /><partstitch x="54" y="10" /><partstitch x="53" y="10" /><partstitch x="52" y="10" /><partstitch x="50" y="10" /><partstitch x="49" y="10" /><partstitch x="48" y="10" /><partstitch x="46" y="10" /><partstitch x="45" y="10" /><partstitch x="44" y="10" /><partstitch x="42" y="10" /><partstitch x="41" y="10" /><partstitch x="40" y="11" /><partstitch x="39" y="11" /><partstitch x="39" y="11" /><partstitch x="39" y="11" /><partstitch x="38" y="11" /><partstitch x="38" y="11" /><partstitch x="37" y="11" /><partstitch x="37" y="11" /><partstitch x="37" y="11" /><partstitch x="36" y="11" /><partstitch x="36" y="11" /><partstitch x="36" y="11" /><partstitch x="36" y="11" /><partstitch x="36" y="11" /><partstitch x="35" y="11" /><partstitch x="35" y="11" /><partstitch x="35" y="11" /><partstitch x="35" y="11" /><partstitch x="35" y="11" /><partstitch x="35" y="11" /><partstitch x="35" y="12" /><partstitch x="35" y="12" /><partstitch x="35" y="12" /><partstitch x="35" y="12" /><partstitch x="35" y="12" /><partstitch x="35" y="13" /><partstitch x="35" y="13" /><partstitch x="35" y="14" /><partstitch x="36" y="14" /><partstitch x="36" y="15" /><partstitch x="36" y="15" /><partstitch x="36" y="16" /><partstitch x="36" y="16" /><partstitch x="36" y="16" /><partstitch x="37" y="17" /><partstitch x="37" y="17" /><partstitch x="37" y="17" /><partstitch x="37" y="17" /><partstitch x="38" y="8" /><partstitch x="38" y="8" /><partstitch x="39" y="8" /><partstitch x="39" y="7" /><partstitch x="39" y="6" /><partstitch x="39" y="6" /><partstitch x="39" y="5" /><partstitch x="39" y="4" /><partstitch x="40" y="4" /><partstitch x="40" y="3" /><partstitch x="40" y="2" /><partstitch x="40" y="2" /><partstitch x="40" y="1" /><partstitch x="40" y="1" /><partstitch x="40" y="0" /><partstitch x="40" y="0" /><partstitch x="40" y="0" /><partstitch x="40" y="0" /><partstitch x="40" y="0" /><partstitch x="41" y="0" /><partstitch x="41" y="1" /><partstitch x="42" y="1" /><partstitch x="42" y="1" /><partstitch x="43" y="1" /><partstitch x="44" y="1" /><partstitch x="44" y="1" /><partstitch x="45" y="2" /><partstitch x="45" y="2" /><partstitch x="46" y="2" /><partstitch x="46" y="2" /><partstitch x="46" y="2" /><partstitch x="46" y="2" /><partstitch x="47" y="2" /><partstitch x="47" y="2" /><partstitch x="47" y="2" /><partstitch x="47" y="2" /><partstitch x="48" y="2" /><partstitch x="48" y="2" /><partstitch x="48" y="2" /><partstitch x="48" y="2" /><partstitch x="48" y="2" /><partstitch x="48" y="2" /><partstitch x="48" y="2" /><partstitch x="48" y="2" /><partstitch x="49" y="2" /><partstitch x="49" y="3" /><partstitch x="49" y="3" /><partstitch x="49" y="3" /><partstitch x="49" y="3" /><partstitch x="50" y="3" /><partstitch x="50" y="3" /><partstitch x="50" y="3" /><partstitch x="50" y="3" /><partstitch x="50" y="3" /><partstitch x="50" y="3" /><partstitch x="50" y="3" /><partstitch x="50" y="3" /><partstitch x="50" y="4" /><partstitch x="50" y="4" /><partstitch x="50" y="4" /><partstitch x="50" y="5" /><partstitch x="49" y="5" /><partstitch x="49" y="6" /><partstitch x="49" y="6" /><partstitch x="49" y="7" /><partstitch x="49" y="7" /><partstitch x="49" y="7" /><partstitch x="49" y="7" /><partstitch x="49" y="7" /><partstitch x="49" y="8" /><partstitch x="49" y="8" /><partstitch x="49" y="8" /><partstitch x="49" y="8" /><partstitch x="49" y="8" /><partstitch x="49" y="8" /><partstitch x="49" y="8" /><partstitch x="49" y="9" /><partstitch x="49" y="9" /><partstitch x="49" y="9" /><partstitch x="33" y="17" /><partstitch x="33" y="17" /><partstitch x="33" y="17" /><partstitch x="33" y="17" /><partstitch x="32" y="17" /><partstitch x="32" y="17" /><partstitch x="32" y="17" /><partstitch x="31" y="17" /><partstitch x="30" y="17" /><partstitch x="30" y="17" /><partstitch x="29" y="17" /><partstitch x="28" y="17" /><partstitch x="27" y="17" /><partstitch x="26" y="17" /><partstitch x="26" y="18" /><partstitch x="25" y="18" /><partstitch x="24" y="18" /><partstitch x="24" y="18" /><partstitch x="23" y="18" /><partstitch x="22" y="19" /><partstitch x="22" y="19" /><partstitch x="21" y="20" /><partstitch x="21" y="20" /><partstitch x="20" y="21" /><partstitch x="19" y="21" /><partstitch x="19" y="22" /><partstitch x="18" y="23" /><partstitch x="18" y="23" /><partstitch x="17" y="24" /><partstitch x="17" y="24" /><partstitch x="17" y="25" /><partstitch x="16" y="25" /><partstitch x="16" y="26" /><partstitch x="16" y="26" /><partstitch x="16" y="27" /><partstitch x="16" y="28" /><partstitch x="15" y="28" /><partstitch x="15" y="29" /><partstitch x="15" y="29" /><partstitch x="15" y="30" /><partstitch x="15" y="31" /><partstitch x="15" y="31" /><partstitch x="15" y="31" /><partstitch x="15" y="32" /><partstitch x="15" y="32" /><partstitch x="16" y="32" /><partstitch x="16" y="32" /><partstitch x="16" y="32" /><partstitch x="16" y="32" /><partstitch x="16" y="32" /><partstitch x="16" y="32" /><partstitch x="35" y="39" /><partstitch x="35" y="39" /><partstitch x="35" y="39" /><partstitch x="36" y="40" /><partstitch x="36" y="40" /><partstitch x="36" y="40" /><partstitch x="36" y="41" /><partstitch x="37" y="41" /><partstitch x="37" y="41" /><partstitch x="37" y="42" /><partstitch x="38" y="42" /><partstitch x="38" y="42" /><partstitch x="38" y="42" /><partstitch x="38" y="42" /><partstitch x="39" y="42" /><partstitch x="39" y="42" /><partstitch x="40" y="42" /><partstitch x="40" y="42" /><partstitch x="41" y="42" /><partstitch x="42" y="42" /><partstitch x="43" y="43" /><partstitch x="44" y="43" /><partstitch x="45" y="43" /><partstitch x="46" y="43" /><partstitch x="47" y="43" /><partstitch x="48" y="43" /><partstitch x="48" y="43" /><partstitch x="49" y="43" /><partstitch x="50" y="42" /><partstitch x="51" y="42" /><partstitch x="52" y="42" /><partstitch x="52" y="42" /><partstitch x="53" y="42" /><partstitch x="53" y="42" /><partstitch x="54" y="41" /><partstitch x="55" y="41" /><partstitch x="55" y="41" /><partstitch x="56" y="41" /><partstitch x="57" y="40" /><partstitch x="57" y="40" /><partstitch x="58" y="40" /><partstitch x="58" y="40" /><partstitch x="58" y="39" /><partstitch x="58" y="39" /><partstitch x="59" y="39" /><partstitch x="59" y="39" /><partstitch x="59" y="19" /><partstitch x="59" y="18" /><partstitch x="59" y="18" /><partstitch x="60" y="18" /><partstitch x="60" y="18" /><partstitch x="60" y="18" /><partstitch x="60" y="18" /><partstitch x="61" y="18" /><partstitch x="61" y="17" /><partstitch x="62" y="17" /><partstitch x="63" y="17" /><partstitch x="64" y="17" /><partstitch x="64" y="17" /><partstitch x="65" y="17" /><partstitch x="66" y="17" /><partstitch x="67" y="17" /><partstitch x="68" y="18" /><partstitch x="69" y="18" /><partstitch x="69" y="18" /><partstitch x="70" y="18" /><partstitch x="70" y="18" /><partstitch x="70" y="18" /><partstitch x="71" y="19" /><partstitch x="71" y="19" /><partstitch x="72" y="20" /><partstitch x="72" y="20" /><partstitch x="72" y="21" /><partstitch x="73" y="21" /><partstitch x="73" y="22" /><partstitch x="74" y="22" /><partstitch x="74" y="22" /><partstitch x="74" y="23" /><partstitch x="74" y="23" /><partstitch x="74" y="23" /><partstitch x="74" y="24" /><partstitch x="74" y="24" /><partstitch x="74" y="24" /><partstitch x="74" y="25" /><partstitch x="74" y="25" /><partstitch x="74" y="26" /><partstitch x="74" y="26" /><partstitch x="74" y="27" /><partstitch x="74" y="27" /><partstitch x="73" y="28" /><partstitch x="73" y="28" /><partstitch x="73" y="29" /><partstitch x="73" y="29" /><partstitch x="73" y="30" /><partstitch x="73" y="30" /><partstitch x="72" y="31" /><partstitch x="72" y="31" /><partstitch x="72" y="31" /><partstitch x="72" y="32" /><partstitch x="72" y="32" /><partstitch x="71" y="32" /><partstitch x="71" y="33" /><partstitch x="70" y="33" /><partstitch x="70" y="34" /><partstitch x="69" y="34" /><partstitch x="69" y="34" /><partstitch x="68" y="35" /><partstitch x="68" y="35" /><partstitch x="67" y="35" /><partstitch x="67" y="36" /><partstitch x="67" y="36" /><partstitch x="66" y="36" /><partstitch x="66" y="36" /><partstitch x="66" y="36" /><partstitch x="66" y="36" /><partstitch x="66" y="36" /><partstitch x="66" y="36" /><partstitch x="66" y="36" /><partstitch x="65" y="36" /><partstitch x="65" y="36" /><partstitch x="65" y="36" /><partstitch x="64" y="36" /><partstitch x="64" y="36" /><partstitch x="63" y="36" /><partstitch x="63" y="36" /><partstitch x="62" y="36" /><partstitch x="62" y="36" /><partstitch x="62" y="36" /><partstitch x="62" y="36" /><partstitch x="62" y="36" /><partstitch x="61" y="36" /><partstitch x="61" y="36" /><partstitch x="17" y="32" /><partstitch x="17" y="32" /><partstitch x="17" y="32" /><partstitch x="17" y="32" /><partstitch x="17" y="32" /><partstitch x="17" y="33" /><partstitch x="18" y="33" /><partstitch x="18" y="33" /><partstitch x="18" y="34" /><partstitch x="18" y="34" /><partstitch x="18" y="35" /><partstitch x="19" y="35" /><partstitch x="19" y="36" /><partstitch x="20" y="36" /><partstitch x="20" y="36" /><partstitch x="21" y="37" /><partstitch x="22" y="37" /><partstitch x="23" y="38" /><partstitch x="24" y="39" /><partstitch x="25" y="39" /><partstitch x="26" y="39" /><partstitch x="27" y="40" /><partstitch x="27" y="40" /><partstitch x="28" y="40" /><partstitch x="28" y="40" /><partstitch x="28" y="40" /><partstitch x="28" y="40" /><partstitch x="28" y="39" /><partstitch x="28" y="39" /><partstitch x="28" y="39" /><partstitch x="28" y="39" /><partstitch x="39" y="43" /><partstitch x="39" y="44" /><partstitch x="39" y="44" /><partstitch x="39" y="44" /><partstitch x="39" y="45" /><partstitch x="39" y="45" /><partstitch x="40" y="46" /><partstitch x="40" y="46" /><partstitch x="40" y="46" /><partstitch x="41" y="47" /><partstitch x="41" y="48" /><partstitch x="42" y="48" /><partstitch x="42" y="48" /><partstitch x="43" y="48" /><partstitch x="43" y="49" /><partstitch x="44" y="49" /><partstitch x="45" y="49" /><partstitch x="46" y="50" /><partstitch x="46" y="50" /><partstitch x="47" y="50" /><partstitch x="48" y="50" /><partstitch x="48" y="50" /><partstitch x="48" y="50" /><partstitch x="49" y="49" /><partstitch x="49" y="49" /><partstitch x="49" y="49" /><partstitch x="50" y="48" /><partstitch x="50" y="47" /><partstitch x="50" y="47" /><partstitch x="51" y="46" /><partstitch x="51" y="46" /><partstitch x="51" y="45" /><partstitch x="51" y="45" /><partstitch x="52" y="44" /><partstitch x="22" y="39" /><partstitch x="22" y="38" /><partstitch x="21" y="38" /><partstitch x="21" y="38" /><partstitch x="21" y="38" /><partstitch x="21" y="38" /><partstitch x="20" y="38" /><partstitch x="20" y="39" /><partstitch x="20" y="39" /><partstitch x="19" y="39" /><partstitch x="18" y="39" /><partstitch x="18" y="40" /><partstitch x="17" y="40" /><partstitch x="16" y="40" /><partstitch x="16" y="40" /><partstitch x="15" y="41" /><partstitch x="14" y="41" /><partstitch x="14" y="42" /><partstitch x="13" y="42" /><partstitch x="13" y="43" /><partstitch x="12" y="44" /><partstitch x="12" y="44" /><partstitch x="11" y="45" /><partstitch x="11" y="46" /><partstitch x="10" y="46" /><partstitch x="10" y="47" /><partstitch x="10" y="47" /><partstitch x="9" y="48" /><partstitch x="9" y="49" /><partstitch x="8" y="49" /><partstitch x="8" y="50" /><partstitch x="8" y="50" /><partstitch x="8" y="51" /><partstitch x="8" y="51" /><partstitch x="8" y="51" /><partstitch x="9" y="51" /><partstitch x="9" y="50" /><partstitch x="10" y="50" /><partstitch x="11" y="50" /><partstitch x="11" y="50" /><partstitch x="12" y="50" /><partstitch x="13" y="50" /><partstitch x="14" y="50" /><partstitch x="14" y="50" /><partstitch x="15" y="50" /><partstitch x="16" y="50" /><partstitch x="16" y="50" /><partstitch x="17" y="51" /><partstitch x="18" y="51" /><partstitch x="18" y="51" /><partstitch x="19" y="51" /><partstitch x="19" y="51" /><partstitch x="20" y="51" /><partstitch x="20" y="51" /><partstitch x="20" y="51" /><partstitch x="20" y="52" /><partstitch x="20" y="52" /><partstitch x="20" y="52" /><partstitch x="21" y="52" /><partstitch x="21" y="52" /><partstitch x="21" y="53" /><partstitch x="21" y="53" /><partstitch x="21" y="53" /><partstitch x="21" y="53" /><partstitch x="22" y="53" /><partstitch x="22" y="52" /><partstitch x="23" y="52" /><partstitch x="24" y="52" /><partstitch x="24" y="52" /><partstitch x="25" y="51" /><partstitch x="25" y="51" /><partstitch x="26" y="51" /><partstitch x="26" y="50" /><partstitch x="26" y="50" /><partstitch x="26" y="50" /><partstitch x="26" y="50" /><partstitch x="26" y="49" /><partstitch x="26" y="49" /><partstitch x="26" y="49" /><partstitch x="26" y="48" /><partstitch x="26" y="48" /><partstitch x="26" y="47" /><partstitch x="26" y="47" /><partstitch x="26" y="46" /><partstitch x="26" y="46" /><partstitch x="26" y="46" /><partstitch x="26" y="46" /><partstitch x="26" y="46" /><partstitch x="25" y="46" /><partstitch x="25" y="46" /><partstitch x="25" y="46" /><partstitch x="24" y="45" /><partstitch x="23" y="45" /><partstitch x="23" y="45" /><partstitch x="22" y="45" /><partstitch x="22" y="45" /><partstitch x="21" y="45" /><partstitch x="21" y="45" /><partstitch x="21" y="45" /><partstitch x="20" y="45" /><partstitch x="20" y="45" /><partstitch x="20" y="45" /><partstitch x="20" y="45" /><partstitch x="19" y="45" /><partstitch x="19" y="45" /><partstitch x="19" y="45" /><partstitch x="19" y="45" /><partstitch x="18" y="46" /><partstitch x="18" y="46" /><partstitch x="18" y="46" /><partstitch x="18" y="46" /><partstitch x="18" y="46" /><partstitch x="17" y="46" /><partstitch x="17" y="46" /><partstitch x="17" y="46" /><partstitch x="17" y="46" /><partstitch x="25" y="45" /><partstitch x="25" y="45" /><partstitch x="25" y="44" /><partstitch x="26" y="44" /><partstitch x="26" y="44" /><partstitch x="26" y="44" /><partstitch x="26" y="44" /><partstitch x="26" y="44" /><partstitch x="27" y="44" /><partstitch x="27" y="43" /><partstitch x="27" y="43" /><partstitch x="27" y="43" /><partstitch x="28" y="43" /><partstitch x="28" y="42" /><partstitch x="28" y="42" /><partstitch x="29" y="42" /><partstitch x="29" y="42" /><partstitch x="29" y="42" /><partstitch x="30" y="42" /><partstitch x="30" y="41" /><partstitch x="30" y="41" /><partstitch x="31" y="41" /><partstitch x="31" y="41" /><partstitch x="31" y="41" /><partstitch x="67" y="35" /><partstitch x="67" y="35" /><partstitch x="67" y="35" /><partstitch x="68" y="35" /><partstitch x="68" y="36" /><partstitch x="68" y="36" /><partstitch x="69" y="36" /><partstitch x="70" y="37" /><partstitch x="70" y="37" /><partstitch x="71" y="38" /><partstitch x="72" y="38" /><partstitch x="72" y="39" /><partstitch x="73" y="39" /><partstitch x="74" y="40" /><partstitch x="74" y="40" /><partstitch x="75" y="41" /><partstitch x="75" y="42" /><partstitch x="76" y="42" /><partstitch x="77" y="43" /><partstitch x="78" y="44" /><partstitch x="78" y="45" /><partstitch x="79" y="46" /><partstitch x="80" y="46" /><partstitch x="80" y="47" /><partstitch x="80" y="48" /><partstitch x="80" y="48" /><partstitch x="80" y="48" /><partstitch x="80" y="48" /><partstitch x="80" y="49" /><partstitch x="80" y="49" /><partstitch x="80" y="49" /><partstitch x="80" y="49" /><partstitch x="80" y="50" /><partstitch x="80" y="50" /><partstitch x="80" y="50" /><partstitch x="79" y="51" /><partstitch x="79" y="51" /><partstitch x="79" y="51" /><partstitch x="79" y="51" /><partstitch x="78" y="52" /><partstitch x="78" y="52" /><partstitch x="78" y="52" /><partstitch x="78" y="52" /><partstitch x="77" y="52" /><partstitch x="77" y="53" /><partstitch x="76" y="53" /><partstitch x="76" y="53" /><partstitch x="75" y="53" /><partstitch x="75" y="54" /><partstitch x="75" y="54" /><partstitch x="74" y="54" /><partstitch x="74" y="54" /><partstitch x="74" y="54" /><partstitch x="74" y="54" /><partstitch x="73" y="54" /><partstitch x="73" y="54" /><partstitch x="72" y="53" /><partstitch x="71" y="53" /><partstitch x="70" y="53" /><partstitch x="69" y="52" /><partstitch x="68" y="52" /><partstitch x="66" y="52" /><partstitch x="65" y="52" /><partstitch x="64" y="51" /><partstitch x="63" y="51" /><partstitch x="62" y="50" /><partstitch x="61" y="50" /><partstitch x="60" y="50" /><partstitch x="60" y="50" /><partstitch x="59" y="49" /><partstitch x="59" y="49" /><partstitch x="59" y="49" /><partstitch x="59" y="49" /><partstitch x="59" y="49" /><partstitch x="58" y="48" /><partstitch x="58" y="48" /><partstitch x="58" y="48" /><partstitch x="58" y="47" /><partstitch x="58" y="47" /><partstitch x="58" y="46" /><partstitch x="58" y="46" /><partstitch x="58" y="46" /><partstitch x="59" y="46" /><partstitch x="59" y="46" /><partstitch x="59" y="46" /><partstitch x="60" y="46" /><partstitch x="60" y="46" /><partstitch x="60" y="46" /><partstitch x="60" y="46" /><partstitch x="60" y="46" /><partstitch x="61" y="46" /><partstitch x="61" y="46" /><partstitch x="61" y="46" /><partstitch x="61" y="46" /><partstitch x="62" y="46" /><partstitch x="62" y="46" /><partstitch x="63" y="46" /><partstitch x="63" y="47" /><partstitch x="64" y="47" /><partstitch x="64" y="47" /><partstitch x="65" y="48" /><partstitch x="66" y="48" /><partstitch x="66" y="48" /><partstitch x="66" y="48" /><partstitch x="66" y="48" /><partstitch x="66" y="48" /><partstitch x="66" y="48" /><partstitch x="66" y="48" /><partstitch x="66" y="48" /><partstitch x="66" y="47" /><partstitch x="66" y="47" /><partstitch x="66" y="46" /><partstitch x="65" y="46" /><partstitch x="65" y="46" /><partstitch x="65" y="46" /><partstitch x="65" y="45" /><partstitch x="65" y="45" /><partstitch x="65" y="45" /><partstitch x="65" y="44" /><partstitch x="64" y="44" /><partstitch x="64" y="44" /><partstitch x="64" y="44" /><partstitch x="64" y="43" /><partstitch x="64" y="43" /><partstitch x="64" y="42" /><partstitch x="64" y="42" /><partstitch x="64" y="42" /><partstitch x="64" y="42" /><partstitch x="64" y="42" /><partstitch x="64" y="42" /><partstitch x="63" y="42" /><partstitch x="63" y="42" /><partstitch x="63" y="41" /><partstitch x="63" y="41" /><partstitch x="63" y="41" /><partstitch x="63" y="41" /><partstitch x="63" y="40" /><partstitch x="63" y="40" /><partstitch x="63" y="40" /><partstitch x="63" y="40" /><partstitch x="63" y="39" /><partstitch x="63" y="39" /><partstitch x="63" y="39" /><partstitch x="63" y="38" /><partstitch x="63" y="38" /><partstitch x="63" y="38" /><partstitch x="63" y="38" /><partstitch x="63" y="38" /><partstitch x="63" y="37" /><partstitch x="63" y="37" /><partstitch x="63" y="37" /><partstitch x="63" y="37" /><partstitch x="63" y="37" /><partstitch x="63" y="41" /><partstitch x="63" y="41" /><partstitch x="63" y="41" /><partstitch x="64" y="41" /><partstitch x="64" y="41" /><partstitch x="64" y="41" /><partstitch x="65" y="41" /><partstitch x="65" y="40" /><partstitch x="65" y="40" /><partstitch x="65" y="40" /><partstitch x="65" y="40" /><partstitch x="51" y="46" /><partstitch x="51" y="46" /><partstitch x="51" y="45" /><partstitch x="51" y="45" /><partstitch x="51" y="45" /><partstitch x="51" y="45" /><partstitch x="51" y="44" /><partstitch x="51" y="44" /><partstitch x="51" y="44" /><partstitch x="34" y="40" /><partstitch x="34" y="40" /><partstitch x="34" y="40" /><partstitch x="34" y="40" /><partstitch x="34" y="40" /><partstitch x="34" y="40" /><partstitch x="34" y="40" /><partstitch x="34" y="40" /><partstitch x="33" y="40" /><partstitch x="31" y="33" /><partstitch x="31" y="33" /><partstitch x="31" y="33" /><partstitch x="30" y="33" /><partstitch x="30" y="34" /><partstitch x="30" y="34" /><partstitch x="30" y="34" /><partstitch x="30" y="34" /><partstitch x="30" y="35" /><partstitch x="30" y="35" /><partstitch x="30" y="35" /><partstitch x="30" y="36" /><partstitch x="30" y="36" /><partstitch x="30" y="36" /><partstitch x="30" y="36" /><partstitch x="30" y="36" /><partstitch x="31" y="37" /><partstitch x="31" y="37" /><partstitch x="31" y="37" /><partstitch x="31" y="37" /><partstitch x="31" y="37" /><partstitch x="31" y="37" /><partstitch x="31" y="37" /><partstitch x="32" y="37" /><partstitch x="32" y="37" /><partstitch x="32" y="38" /><partstitch x="33" y="38" /><partstitch x="34" y="38" /><partstitch x="34" y="38" /><partstitch x="56" y="32" /><partstitch x="56" y="32" /><partstitch x="56" y="32" /><partstitch x="56" y="32" /><partstitch x="56" y="32" /><partstitch x="56" y="33" /><partstitch x="57" y="33" /><partstitch x="57" y="33" /><partstitch x="57" y="33" /><partstitch x="57" y="33" /><partstitch x="57" y="33" /><partstitch x="57" y="34" /><partstitch x="57" y="34" /><partstitch x="57" y="34" /><partstitch x="57" y="35" /><partstitch x="57" y="35" /><partstitch x="57" y="36" /><partstitch x="56" y="36" /><partstitch x="56" y="37" /><partstitch x="56" y="37" /><partstitch x="56" y="38" /><partstitch x="56" y="38" /><partstitch x="55" y="38" /><partstitch x="55" y="38" /><partstitch x="55" y="38" /><partstitch x="55" y="38" /><partstitch x="44" y="35" /><partstitch x="44" y="35" /><partstitch x="44" y="35" /><partstitch x="44" y="35" /><partstitch x="44" y="35" /><partstitch x="44" y="36" /><partstitch x="44" y="36" /><partstitch x="44" y="36" /><partstitch x="44" y="35" /><partstitch x="45" y="35" /><partstitch x="45" y="35" /><partstitch x="45" y="35" /><partstitch x="45" y="35" /><partstitch x="45" y="35" /><partstitch x="45" y="35" /><partstitch x="45" y="35" /><partstitch x="47" y="34" /><partstitch x="47" y="34" /><partstitch x="47" y="34" /><partstitch x="47" y="35" /><partstitch x="47" y="35" /><partstitch x="47" y="35" /><partstitch x="47" y="35" /><partstitch x="47" y="36" /><partstitch x="47" y="36" /><partstitch x="47" y="36" /></root>