<root><partstitch x="26" y="24" /><partstitch x="26" y="24" /><partstitch x="26" y="25" /><partstitch x="26" y="25" /><partstitch x="25" y="26" /><partstitch x="25" y="27" /><partstitch x="24" y="28" /><partstitch x="24" y="28" /><partstitch x="24" y="29" /><partstitch x="24" y="30" /><partstitch x="25" y="31" /><partstitch x="25" y="32" /><partstitch x="26" y="33" /><partstitch x="27" y="34" /><partstitch x="28" y="34" /><partstitch x="29" y="35" /><partstitch x="30" y="35" /><partstitch x="31" y="35" /><partstitch x="32" y="35" /><partstitch x="33" y="35" /><partstitch x="34" y="35" /><partstitch x="35" y="34" /><partstitch x="35" y="34" /><partstitch x="36" y="33" /><partstitch x="36" y="32" /><partstitch x="37" y="31" /><partstitch x="37" y="30" /><partstitch x="37" y="29" /><partstitch x="37" y="28" /><partstitch x="36" y="26" /><partstitch x="36" y="26" /><partstitch x="35" y="25" /><partstitch x="35" y="25" /><partstitch x="34" y="25" /><partstitch x="34" y="25" /><partstitch x="34" y="24" /><partstitch x="34" y="24" /><partstitch x="34" y="24" /><partstitch x="34" y="25" /><partstitch x="33" y="25" /><partstitch x="32" y="25" /><partstitch x="32" y="26" /><partstitch x="31" y="26" /><partstitch x="30" y="27" /><partstitch x="28" y="28" /><partstitch x="27" y="28" /><partstitch x="26" y="29" /><partstitch x="26" y="30" /><partstitch x="26" y="30" /><partstitch x="25" y="30" /><partstitch x="25" y="30" /><partstitch x="25" y="31" /><partstitch x="25" y="31" /><partstitch x="25" y="31" /><partstitch x="25" y="31" /><partstitch x="25" y="31" /><partstitch x="59" y="25" /><partstitch x="59" y="25" /><partstitch x="59" y="25" /><partstitch x="58" y="26" /><partstitch x="58" y="27" /><partstitch x="58" y="28" /><partstitch x="57" y="29" /><partstitch x="57" y="30" /><partstitch x="57" y="32" /><partstitch x="57" y="33" /><partstitch x="57" y="34" /><partstitch x="57" y="34" /><partstitch x="58" y="35" /><partstitch x="59" y="35" /><partstitch x="59" y="35" /><partstitch x="61" y="35" /><partstitch x="62" y="35" /><partstitch x="63" y="35" /><partstitch x="64" y="34" /><partstitch x="64" y="34" /><partstitch x="65" y="33" /><partstitch x="66" y="32" /><partstitch x="67" y="31" /><partstitch x="67" y="29" /><partstitch x="67" y="28" /><partstitch x="67" y="27" /><partstitch x="67" y="26" /><partstitch x="67" y="25" /><partstitch x="66" y="24" /><partstitch x="65" y="23" /><partstitch x="65" y="23" /><partstitch x="64" y="22" /><partstitch x="64" y="22" /><partstitch x="64" y="22" /><partstitch x="63" y="22" /><partstitch x="63" y="22" /><partstitch x="63" y="23" /><partstitch x="62" y="23" /><partstitch x="62" y="24" /><partstitch x="62" y="25" /><partstitch x="62" y="25" /><partstitch x="29" y="31" /><partstitch x="29" y="31" /><partstitch x="29" y="31" /><partstitch x="29" y="31" /><partstitch x="29" y="31" /><partstitch x="19" y="32" /><partstitch x="19" y="32" /><partstitch x="19" y="32" /><partstitch x="19" y="32" /><partstitch x="19" y="32" /><partstitch x="19" y="32" /><partstitch x="19" y="31" /><partstitch x="19" y="31" /><partstitch x="19" y="30" /><partstitch x="19" y="30" /><partstitch x="19" y="29" /><partstitch x="19" y="28" /><partstitch x="19" y="27" /><partstitch x="20" y="25" /><partstitch x="20" y="24" /><partstitch x="21" y="22" /><partstitch x="22" y="21" /><partstitch x="23" y="20" /><partstitch x="24" y="19" /><partstitch x="25" y="18" /><partstitch x="27" y="17" /><partstitch x="28" y="16" /><partstitch x="30" y="16" /><partstitch x="31" y="15" /><partstitch x="33" y="15" /><partstitch x="34" y="15" /><partstitch x="34" y="15" /><partstitch x="36" y="15" /><partstitch x="38" y="15" /><partstitch x="40" y="15" /><partstitch x="41" y="15" /><partstitch x="42" y="15" /><partstitch x="42" y="15" /><partstitch x="42" y="15" /><partstitch x="42" y="15" /><partstitch x="42" y="16" /><partstitch x="42" y="16" /><partstitch x="43" y="16" /><partstitch x="43" y="17" /><partstitch x="43" y="18" /><partstitch x="43" y="19" /><partstitch x="43" y="20" /><partstitch x="44" y="21" /><partstitch x="44" y="22" /><partstitch x="44" y="24" /><partstitch x="45" y="25" /><partstitch x="45" y="26" /><partstitch x="46" y="26" /><partstitch x="46" y="27" /><partstitch x="46" y="27" /><partstitch x="46" y="27" /><partstitch x="46" y="27" /><partstitch x="46" y="26" /><partstitch x="46" y="26" /><partstitch x="46" y="26" /><partstitch x="46" y="25" /><partstitch x="46" y="25" /><partstitch x="46" y="25" /><partstitch x="46" y="24" /><partstitch x="46" y="24" /><partstitch x="46" y="23" /><partstitch x="47" y="22" /><partstitch x="48" y="21" /><partstitch x="48" y="20" /><partstitch x="49" y="19" /><partstitch x="49" y="18" /><partstitch x="50" y="17" /><partstitch x="50" y="16" /><partstitch x="51" y="16" /><partstitch x="51" y="15" /><partstitch x="52" y="15" /><partstitch x="52" y="15" /><partstitch x="53" y="15" /><partstitch x="54" y="14" /><partstitch x="55" y="14" /><partstitch x="56" y="14" /><partstitch x="57" y="14" /><partstitch x="57" y="15" /><partstitch x="58" y="15" /><partstitch x="60" y="16" /><partstitch x="62" y="16" /><partstitch x="64" y="17" /><partstitch x="67" y="18" /><partstitch x="69" y="18" /><partstitch x="71" y="19" /><partstitch x="73" y="19" /><partstitch x="74" y="20" /><partstitch x="75" y="20" /><partstitch x="76" y="21" /><partstitch x="76" y="21" /><partstitch x="77" y="22" /><partstitch x="77" y="22" /><partstitch x="78" y="23" /><partstitch x="78" y="23" /><partstitch x="78" y="24" /><partstitch x="78" y="24" /><partstitch x="79" y="25" /><partstitch x="79" y="25" /><partstitch x="79" y="25" /><partstitch x="79" y="25" /><partstitch x="79" y="25" /><partstitch x="79" y="26" /><partstitch x="79" y="26" /><partstitch x="79" y="26" /><partstitch x="79" y="26" /><partstitch x="79" y="26" /><partstitch x="79" y="26" /><partstitch x="79" y="27" /><partstitch x="79" y="27" /><partstitch x="79" y="27" /><partstitch x="79" y="27" /><partstitch x="79" y="28" /><partstitch x="79" y="28" /><partstitch x="79" y="29" /><partstitch x="79" y="30" /><partstitch x="78" y="32" /><partstitch x="78" y="34" /><partstitch x="79" y="36" /><partstitch x="79" y="38" /><partstitch x="79" y="40" /><partstitch x="80" y="41" /><partstitch x="80" y="41" /><partstitch x="80" y="41" /><partstitch x="80" y="42" /><partstitch x="80" y="42" /><partstitch x="80" y="42" /><partstitch x="79" y="42" /><partstitch x="78" y="42" /><partstitch x="78" y="42" /><partstitch x="78" y="43" /><partstitch x="77" y="43" /><partstitch x="77" y="43" /><partstitch x="76" y="44" /><partstitch x="76" y="44" /><partstitch x="76" y="44" /><partstitch x="76" y="44" /><partstitch x="76" y="45" /><partstitch x="75" y="45" /><partstitch x="75" y="45" /><partstitch x="75" y="45" /><partstitch x="75" y="45" /><partstitch x="75" y="45" /><partstitch x="75" y="45" /><partstitch x="75" y="46" /><partstitch x="75" y="46" /><partstitch x="75" y="46" /><partstitch x="75" y="46" /><partstitch x="75" y="47" /><partstitch x="75" y="48" /><partstitch x="76" y="48" /><partstitch x="77" y="49" /><partstitch x="78" y="50" /><partstitch x="79" y="51" /><partstitch x="80" y="52" /><partstitch x="81" y="52" /><partstitch x="81" y="52" /><partstitch x="82" y="52" /><partstitch x="82" y="52" /><partstitch x="82" y="52" /><partstitch x="83" y="52" /><partstitch x="83" y="52" /><partstitch x="84" y="52" /><partstitch x="84" y="51" /><partstitch x="85" y="51" /><partstitch x="85" y="51" /><partstitch x="86" y="51" /><partstitch x="87" y="51" /><partstitch x="88" y="52" /><partstitch x="89" y="52" /><partstitch x="89" y="52" /><partstitch x="90" y="52" /><partstitch x="90" y="52" /><partstitch x="90" y="53" /><partstitch x="90" y="53" /><partstitch x="90" y="54" /><partstitch x="91" y="54" /><partstitch x="91" y="55" /><partstitch x="92" y="56" /><partstitch x="92" y="57" /><partstitch x="93" y="58" /><partstitch x="93" y="59" /><partstitch x="93" y="60" /><partstitch x="94" y="60" /><partstitch x="94" y="60" /><partstitch x="94" y="60" /><partstitch x="94" y="61" /><partstitch x="94" y="61" /><partstitch x="93" y="61" /><partstitch x="93" y="62" /><partstitch x="93" y="62" /><partstitch x="93" y="62" /><partstitch x="92" y="63" /><partstitch x="92" y="63" /><partstitch x="92" y="64" /><partstitch x="92" y="64" /><partstitch x="92" y="65" /><partstitch x="91" y="65" /><partstitch x="91" y="65" /><partstitch x="91" y="66" /><partstitch x="90" y="66" /><partstitch x="90" y="66" /><partstitch x="89" y="67" /><partstitch x="89" y="67" /><partstitch x="88" y="67" /><partstitch x="88" y="67" /><partstitch x="88" y="67" /><partstitch x="88" y="67" /><partstitch x="88" y="67" /><partstitch x="88" y="67" /><partstitch x="87" y="67" /><partstitch x="87" y="67" /><partstitch x="86" y="66" /><partstitch x="84" y="66" /><partstitch x="83" y="65" /><partstitch x="82" y="64" /><partstitch x="80" y="64" /><partstitch x="80" y="64" /><partstitch x="79" y="64" /><partstitch x="78" y="64" /><partstitch x="78" y="64" /><partstitch x="77" y="64" /><partstitch x="77" y="64" /><partstitch x="77" y="63" /><partstitch x="76" y="63" /><partstitch x="76" y="63" /><partstitch x="75" y="63" /><partstitch x="75" y="63" /><partstitch x="74" y="62" /><partstitch x="74" y="62" /><partstitch x="73" y="62" /><partstitch x="72" y="62" /><partstitch x="72" y="62" /><partstitch x="72" y="62" /><partstitch x="72" y="62" /><partstitch x="72" y="62" /><partstitch x="72" y="62" /><partstitch x="72" y="62" /><partstitch x="71" y="62" /><partstitch x="18" y="32" /><partstitch x="18" y="33" /><partstitch x="18" y="33" /><partstitch x="18" y="34" /><partstitch x="18" y="34" /><partstitch x="18" y="35" /><partstitch x="18" y="36" /><partstitch x="19" y="37" /><partstitch x="19" y="38" /><partstitch x="19" y="39" /><partstitch x="19" y="39" /><partstitch x="19" y="40" /><partstitch x="20" y="40" /><partstitch x="20" y="41" /><partstitch x="20" y="42" /><partstitch x="20" y="43" /><partstitch x="20" y="44" /><partstitch x="20" y="45" /><partstitch x="20" y="45" /><partstitch x="20" y="45" /><partstitch x="20" y="46" /><partstitch x="20" y="46" /><partstitch x="20" y="46" /><partstitch x="20" y="46" /><partstitch x="19" y="46" /><partstitch x="19" y="46" /><partstitch x="18" y="46" /><partstitch x="17" y="46" /><partstitch x="17" y="46" /><partstitch x="16" y="46" /><partstitch x="15" y="46" /><partstitch x="14" y="46" /><partstitch x="14" y="46" /><partstitch x="13" y="47" /><partstitch x="12" y="47" /><partstitch x="10" y="48" /><partstitch x="9" y="48" /><partstitch x="8" y="49" /><partstitch x="6" y="50" /><partstitch x="5" y="51" /><partstitch x="4" y="52" /><partstitch x="3" y="52" /><partstitch x="2" y="53" /><partstitch x="1" y="54" /><partstitch x="0" y="54" /><partstitch x="0" y="55" /><partstitch x="0" y="55" /><partstitch x="0" y="55" /><partstitch x="0" y="55" /><partstitch x="0" y="55" /><partstitch x="0" y="56" /><partstitch x="0" y="56" /><partstitch x="0" y="56" /><partstitch x="0" y="57" /><partstitch x="0" y="57" /><partstitch x="0" y="57" /><partstitch x="1" y="58" /><partstitch x="1" y="58" /><partstitch x="1" y="58" /><partstitch x="1" y="59" /><partstitch x="2" y="60" /><partstitch x="3" y="60" /><partstitch x="3" y="60" /><partstitch x="4" y="61" /><partstitch x="4" y="61" /><partstitch x="4" y="62" /><partstitch x="5" y="62" /><partstitch x="6" y="63" /><partstitch x="7" y="63" /><partstitch x="8" y="64" /><partstitch x="10" y="65" /><partstitch x="12" y="66" /><partstitch x="14" y="67" /><partstitch x="16" y="68" /><partstitch x="18" y="68" /><partstitch x="20" y="69" /><partstitch x="23" y="69" /><partstitch x="24" y="70" /><partstitch x="26" y="70" /><partstitch x="27" y="70" /><partstitch x="27" y="69" /><partstitch x="28" y="69" /><partstitch x="28" y="69" /><partstitch x="29" y="68" /><partstitch x="29" y="68" /><partstitch x="29" y="68" /><partstitch x="29" y="68" /><partstitch x="29" y="68" /><partstitch x="29" y="68" /><partstitch x="29" y="68" /><partstitch x="29" y="68" /><partstitch x="29" y="68" /><partstitch x="29" y="67" /><partstitch x="29" y="67" /><partstitch x="30" y="67" /><partstitch x="30" y="67" /><partstitch x="30" y="66" /><partstitch x="30" y="66" /><partstitch x="30" y="66" /><partstitch x="25" y="46" /><partstitch x="26" y="46" /><partstitch x="26" y="47" /><partstitch x="27" y="48" /><partstitch x="28" y="50" /><partstitch x="30" y="51" /><partstitch x="31" y="53" /><partstitch x="34" y="54" /><partstitch x="36" y="55" /><partstitch x="38" y="56" /><partstitch x="40" y="57" /><partstitch x="42" y="57" /><partstitch x="44" y="58" /><partstitch x="46" y="58" /><partstitch x="48" y="58" /><partstitch x="50" y="57" /><partstitch x="52" y="57" /><partstitch x="54" y="57" /><partstitch x="56" y="56" /><partstitch x="58" y="56" /><partstitch x="61" y="56" /><partstitch x="61" y="56" /><partstitch x="63" y="55" /><partstitch x="65" y="55" /><partstitch x="67" y="54" /><partstitch x="68" y="54" /><partstitch x="69" y="53" /><partstitch x="70" y="53" /><partstitch x="70" y="52" /><partstitch x="70" y="52" /><partstitch x="70" y="52" /><partstitch x="70" y="52" /><partstitch x="70" y="52" /><partstitch x="70" y="51" /><partstitch x="70" y="51" /><partstitch x="70" y="51" /><partstitch x="69" y="51" /><partstitch x="69" y="51" /><partstitch x="69" y="51" /><partstitch x="69" y="51" /><partstitch x="68" y="51" /><partstitch x="68" y="51" /><partstitch x="68" y="51" /><partstitch x="68" y="50" /><partstitch x="68" y="50" /><partstitch x="67" y="50" /><partstitch x="67" y="50" /><partstitch x="67" y="50" /><partstitch x="24" y="46" /><partstitch x="24" y="46" /><partstitch x="24" y="46" /><partstitch x="24" y="46" /><partstitch x="24" y="46" /><partstitch x="23" y="46" /><partstitch x="23" y="46" /><partstitch x="23" y="46" /><partstitch x="23" y="46" /><partstitch x="23" y="46" /><partstitch x="22" y="46" /><partstitch x="22" y="46" /><partstitch x="22" y="46" /><partstitch x="22" y="45" /><partstitch x="22" y="45" /><partstitch x="22" y="45" /><partstitch x="21" y="45" /><partstitch x="21" y="45" /><partstitch x="21" y="45" /><partstitch x="21" y="45" /><partstitch x="21" y="46" /><partstitch x="21" y="46" /><partstitch x="68" y="50" /><partstitch x="69" y="50" /><partstitch x="69" y="49" /><partstitch x="70" y="49" /><partstitch x="71" y="49" /><partstitch x="73" y="49" /><partstitch x="74" y="49" /><partstitch x="75" y="49" /><partstitch x="76" y="48" /><partstitch x="77" y="48" /><partstitch x="77" y="48" /><partstitch x="78" y="48" /><partstitch x="78" y="48" /><partstitch x="78" y="47" /><partstitch x="78" y="47" /><partstitch x="78" y="47" /><partstitch x="78" y="46" /><partstitch x="78" y="46" /><partstitch x="78" y="46" /><partstitch x="78" y="46" /><partstitch x="45" y="50" /><partstitch x="45" y="50" /><partstitch x="45" y="50" /><partstitch x="45" y="50" /><partstitch x="46" y="50" /><partstitch x="46" y="50" /><partstitch x="47" y="50" /><partstitch x="47" y="50" /><partstitch x="49" y="50" /><partstitch x="50" y="50" /><partstitch x="52" y="50" /><partstitch x="53" y="50" /><partstitch x="55" y="50" /><partstitch x="56" y="50" /><partstitch x="57" y="50" /><partstitch x="58" y="50" /><partstitch x="58" y="50" /><partstitch x="59" y="50" /><partstitch x="59" y="50" /><partstitch x="30" y="66" /><partstitch x="30" y="66" /><partstitch x="30" y="66" /><partstitch x="31" y="65" /><partstitch x="31" y="65" /><partstitch x="31" y="64" /><partstitch x="32" y="64" /><partstitch x="32" y="63" /><partstitch x="32" y="62" /><partstitch x="32" y="62" /><partstitch x="33" y="61" /><partstitch x="33" y="60" /><partstitch x="33" y="59" /><partstitch x="33" y="59" /><partstitch x="33" y="58" /><partstitch x="33" y="58" /><partstitch x="33" y="57" /><partstitch x="33" y="57" /><partstitch x="33" y="56" /><partstitch x="33" y="56" /><partstitch x="33" y="56" /><partstitch x="33" y="57" /><partstitch x="35" y="59" /><partstitch x="35" y="59" /><partstitch x="35" y="60" /><partstitch x="35" y="60" /><partstitch x="36" y="61" /><partstitch x="36" y="61" /><partstitch x="37" y="62" /><partstitch x="38" y="62" /><partstitch x="39" y="63" /><partstitch x="40" y="64" /><partstitch x="41" y="64" /><partstitch x="41" y="64" /><partstitch x="42" y="64" /><partstitch x="43" y="64" /><partstitch x="44" y="64" /><partstitch x="45" y="64" /><partstitch x="45" y="64" /><partstitch x="46" y="64" /><partstitch x="47" y="64" /><partstitch x="47" y="64" /><partstitch x="48" y="63" /><partstitch x="48" y="63" /><partstitch x="48" y="63" /><partstitch x="49" y="63" /><partstitch x="49" y="63" /><partstitch x="49" y="63" /><partstitch x="50" y="62" /><partstitch x="50" y="62" /><partstitch x="50" y="62" /><partstitch x="50" y="62" /><partstitch x="51" y="62" /><partstitch x="51" y="62" /><partstitch x="51" y="62" /><partstitch x="52" y="62" /><partstitch x="52" y="61" /><partstitch x="52" y="61" /><partstitch x="52" y="61" /><partstitch x="53" y="61" /><partstitch x="53" y="61" /><partstitch x="53" y="61" /><partstitch x="53" y="61" /><partstitch x="54" y="61" /><partstitch x="54" y="61" /><partstitch x="54" y="60" /><partstitch x="50" y="62" /><partstitch x="50" y="62" /><partstitch x="51" y="62" /><partstitch x="51" y="62" /><partstitch x="52" y="62" /><partstitch x="53" y="62" /><partstitch x="54" y="62" /><partstitch x="54" y="61" /><partstitch x="55" y="61" /><partstitch x="56" y="61" /><partstitch x="56" y="60" /><partstitch x="57" y="60" /><partstitch x="57" y="60" /><partstitch x="58" y="60" /><partstitch x="58" y="59" /><partstitch x="59" y="59" /><partstitch x="59" y="59" /><partstitch x="59" y="58" /><partstitch x="60" y="58" /><partstitch x="60" y="58" /><partstitch x="61" y="57" /><partstitch x="61" y="57" /><partstitch x="61" y="56" /><partstitch x="61" y="56" /><partstitch x="62" y="56" /><partstitch x="62" y="55" /><partstitch x="62" y="55" /><partstitch x="62" y="55" /><partstitch x="62" y="55" /><partstitch x="62" y="55" /><partstitch x="62" y="55" /><partstitch x="44" y="17" /><partstitch x="44" y="17" /><partstitch x="45" y="17" /><partstitch x="45" y="17" /><partstitch x="45" y="17" /><partstitch x="46" y="17" /><partstitch x="46" y="17" /><partstitch x="46" y="17" /><partstitch x="46" y="17" /><partstitch x="46" y="17" /><partstitch x="47" y="17" /><partstitch x="47" y="17" /><partstitch x="47" y="17" /><partstitch x="47" y="17" /><partstitch x="47" y="17" /><partstitch x="47" y="17" /><partstitch x="49" y="35" /><partstitch x="49" y="35" /><partstitch x="49" y="35" /><partstitch x="49" y="36" /><partstitch x="49" y="36" /><partstitch x="49" y="36" /><partstitch x="49" y="37" /><partstitch x="49" y="37" /><partstitch x="49" y="38" /><partstitch x="49" y="38" /><partstitch x="49" y="38" /><partstitch x="49" y="38" /><partstitch x="49" y="38" /><partstitch x="49" y="39" /><partstitch x="49" y="39" /><partstitch x="49" y="39" /><partstitch x="49" y="40" /><partstitch x="49" y="40" /><partstitch x="49" y="40" /><partstitch x="49" y="40" /><partstitch x="49" y="39" /><partstitch x="49" y="39" /><partstitch x="49" y="39" /><partstitch x="49" y="39" /><partstitch x="49" y="39" /><partstitch x="49" y="39" /><partstitch x="49" y="39" /><partstitch x="48" y="39" /><partstitch x="48" y="39" /><partstitch x="48" y="39" /><partstitch x="48" y="39" /><partstitch x="47" y="38" /><partstitch x="47" y="38" /><partstitch x="47" y="38" /><partstitch x="47" y="38" /><partstitch x="46" y="38" /><partstitch x="46" y="38" /><partstitch x="46" y="37" /><partstitch x="46" y="37" /><partstitch x="50" y="40" /><partstitch x="50" y="40" /><partstitch x="50" y="40" /><partstitch x="50" y="40" /><partstitch x="50" y="39" /><partstitch x="51" y="39" /><partstitch x="51" y="39" /><partstitch x="51" y="39" /><partstitch x="51" y="39" /><partstitch x="52" y="39" /><partstitch x="52" y="39" /><partstitch x="72" y="63" /><partstitch x="72" y="63" /><partstitch x="72" y="63" /><partstitch x="71" y="63" /><partstitch x="71" y="63" /><partstitch x="71" y="63" /><partstitch x="71" y="62" /><partstitch x="70" y="62" /><partstitch x="70" y="62" /><partstitch x="70" y="62" /><partstitch x="69" y="61" /><partstitch x="69" y="61" /><partstitch x="69" y="61" /><partstitch x="68" y="60" /><partstitch x="68" y="60" /><partstitch x="68" y="59" /><partstitch x="68" y="59" /><partstitch x="67" y="59" /><partstitch x="67" y="59" /><partstitch x="67" y="59" /><partstitch x="67" y="59" /><partstitch x="67" y="58" /><partstitch x="66" y="58" /><partstitch x="66" y="58" /><partstitch x="66" y="58" /><partstitch x="66" y="58" /><partstitch x="66" y="58" /><partstitch x="66" y="58" /><partstitch x="66" y="58" /><partstitch x="66" y="58" /><partstitch x="66" y="58" /><partstitch x="65" y="58" /><partstitch x="65" y="58" /><partstitch x="65" y="58" /><partstitch x="65" y="57" /><partstitch x="65" y="57" /><partstitch x="65" y="57" /><partstitch x="65" y="57" /><partstitch x="65" y="57" /><partstitch x="65" y="57" /><partstitch x="65" y="57" /><partstitch x="65" y="57" /><partstitch x="65" y="57" /><partstitch x="65" y="56" /><partstitch x="65" y="56" /><partstitch x="65" y="56" /><partstitch x="65" y="56" /><partstitch x="64" y="56" /><partstitch x="64" y="55" /><partstitch x="64" y="55" /><partstitch x="64" y="55" /><partstitch x="64" y="55" /><partstitch x="62" y="28" /><partstitch x="62" y="28" /><partstitch x="62" y="29" /><partstitch x="62" y="29" /><partstitch x="61" y="29" /><partstitch x="62" y="29" /><partstitch x="62" y="29" /><partstitch x="62" y="29" /><partstitch x="62" y="29" /><partstitch x="62" y="29" /><partstitch x="62" y="29" /><partstitch x="62" y="29" /><partstitch x="62" y="29" /><partstitch x="62" y="29" /><partstitch x="62" y="29" /><partstitch x="62" y="29" /><partstitch x="63" y="29" /><partstitch x="63" y="29" /><partstitch x="63" y="28" /><partstitch x="63" y="28" /><partstitch x="63" y="28" /><partstitch x="63" y="28" /><partstitch x="63" y="28" /><partstitch x="63" y="28" /><partstitch x="62" y="28" /><partstitch x="62" y="28" /><partstitch x="62" y="28" /><partstitch x="62" y="28" /><partstitch x="62" y="28" /><partstitch x="62" y="28" /><partstitch x="62" y="28" /><partstitch x="62" y="28" /><partstitch x="62" y="28" /><partstitch x="62" y="28" /><partstitch x="62" y="28" /><partstitch x="62" y="28" /><partstitch x="62" y="28" /><partstitch x="62" y="28" /><partstitch x="62" y="28" /><partstitch x="62" y="28" /><partstitch x="62" y="28" /><partstitch x="62" y="28" /><partstitch x="62" y="29" /><partstitch x="62" y="29" /><partstitch x="62" y="29" /><partstitch x="62" y="29" /><partstitch x="62" y="29" /><partstitch x="62" y="30" /><partstitch x="62" y="30" /><partstitch x="62" y="30" /><partstitch x="62" y="30" /><partstitch x="62" y="30" /></root>