<root><partstitch x="11" y="30" /><partstitch x="11" y="30" /><partstitch x="11" y="30" /><partstitch x="11" y="30" /><partstitch x="12" y="30" /><partstitch x="12" y="30" /><partstitch x="12" y="30" /><partstitch x="13" y="30" /><partstitch x="13" y="30" /><partstitch x="14" y="31" /><partstitch x="15" y="31" /><partstitch x="16" y="31" /><partstitch x="17" y="31" /><partstitch x="19" y="31" /><partstitch x="20" y="32" /><partstitch x="22" y="32" /><partstitch x="23" y="32" /><partstitch x="25" y="32" /><partstitch x="26" y="32" /><partstitch x="28" y="32" /><partstitch x="29" y="33" /><partstitch x="30" y="33" /><partstitch x="30" y="33" /><partstitch x="30" y="33" /><partstitch x="31" y="33" /><partstitch x="31" y="33" /><partstitch x="31" y="32" /><partstitch x="31" y="32" /><partstitch x="31" y="31" /><partstitch x="31" y="30" /><partstitch x="31" y="29" /><partstitch x="32" y="27" /><partstitch x="32" y="26" /><partstitch x="32" y="24" /><partstitch x="32" y="22" /><partstitch x="33" y="21" /><partstitch x="33" y="19" /><partstitch x="33" y="18" /><partstitch x="33" y="17" /><partstitch x="33" y="16" /><partstitch x="33" y="16" /><partstitch x="33" y="16" /><partstitch x="33" y="15" /><partstitch x="33" y="15" /><partstitch x="33" y="15" /><partstitch x="33" y="15" /><partstitch x="34" y="15" /><partstitch x="34" y="15" /><partstitch x="34" y="15" /><partstitch x="35" y="15" /><partstitch x="35" y="15" /><partstitch x="37" y="15" /><partstitch x="38" y="15" /><partstitch x="40" y="15" /><partstitch x="42" y="16" /><partstitch x="44" y="16" /><partstitch x="46" y="16" /><partstitch x="49" y="16" /><partstitch x="51" y="17" /><partstitch x="53" y="17" /><partstitch x="55" y="17" /><partstitch x="56" y="18" /><partstitch x="57" y="18" /><partstitch x="58" y="18" /><partstitch x="58" y="18" /><partstitch x="58" y="18" /><partstitch x="58" y="18" /><partstitch x="58" y="18" /><partstitch x="58" y="19" /><partstitch x="58" y="20" /><partstitch x="58" y="21" /><partstitch x="59" y="22" /><partstitch x="59" y="24" /><partstitch x="59" y="25" /><partstitch x="59" y="27" /><partstitch x="59" y="29" /><partstitch x="59" y="31" /><partstitch x="59" y="33" /><partstitch x="58" y="35" /><partstitch x="58" y="36" /><partstitch x="58" y="37" /><partstitch x="58" y="38" /><partstitch x="58" y="38" /><partstitch x="58" y="39" /><partstitch x="58" y="39" /><partstitch x="58" y="39" /><partstitch x="58" y="40" /><partstitch x="58" y="40" /><partstitch x="59" y="40" /><partstitch x="59" y="40" /><partstitch x="60" y="39" /><partstitch x="61" y="39" /><partstitch x="63" y="39" /><partstitch x="64" y="39" /><partstitch x="66" y="39" /><partstitch x="68" y="39" /><partstitch x="70" y="39" /><partstitch x="72" y="39" /><partstitch x="74" y="39" /><partstitch x="75" y="39" /><partstitch x="76" y="40" /><partstitch x="76" y="40" /><partstitch x="77" y="40" /><partstitch x="77" y="40" /><partstitch x="77" y="40" /><partstitch x="77" y="40" /><partstitch x="77" y="40" /><partstitch x="77" y="40" /><partstitch x="76" y="40" /><partstitch x="76" y="41" /><partstitch x="76" y="41" /><partstitch x="76" y="41" /><partstitch x="75" y="42" /><partstitch x="75" y="42" /><partstitch x="74" y="43" /><partstitch x="74" y="44" /><partstitch x="73" y="44" /><partstitch x="72" y="45" /><partstitch x="72" y="45" /><partstitch x="71" y="46" /><partstitch x="70" y="46" /><partstitch x="70" y="46" /><partstitch x="70" y="47" /><partstitch x="70" y="47" /><partstitch x="70" y="47" /><partstitch x="70" y="47" /><partstitch x="69" y="47" /><partstitch x="69" y="47" /><partstitch x="68" y="47" /><partstitch x="68" y="47" /><partstitch x="66" y="47" /><partstitch x="65" y="46" /><partstitch x="64" y="46" /><partstitch x="63" y="46" /><partstitch x="61" y="46" /><partstitch x="59" y="45" /><partstitch x="57" y="45" /><partstitch x="55" y="44" /><partstitch x="53" y="44" /><partstitch x="51" y="44" /><partstitch x="48" y="43" /><partstitch x="46" y="43" /><partstitch x="44" y="42" /><partstitch x="41" y="42" /><partstitch x="39" y="41" /><partstitch x="37" y="41" /><partstitch x="35" y="41" /><partstitch x="34" y="41" /><partstitch x="32" y="41" /><partstitch x="31" y="41" /><partstitch x="30" y="41" /><partstitch x="28" y="41" /><partstitch x="28" y="41" /><partstitch x="26" y="41" /><partstitch x="26" y="40" /><partstitch x="24" y="40" /><partstitch x="23" y="40" /><partstitch x="22" y="40" /><partstitch x="20" y="39" /><partstitch x="18" y="39" /><partstitch x="17" y="38" /><partstitch x="17" y="38" /><partstitch x="16" y="38" /><partstitch x="14" y="38" /><partstitch x="13" y="38" /><partstitch x="13" y="38" /><partstitch x="12" y="38" /><partstitch x="12" y="38" /><partstitch x="11" y="38" /><partstitch x="11" y="38" /><partstitch x="11" y="38" /><partstitch x="11" y="38" /><partstitch x="12" y="37" /><partstitch x="12" y="37" /><partstitch x="12" y="37" /><partstitch x="12" y="36" /><partstitch x="12" y="36" /><partstitch x="12" y="35" /><partstitch x="12" y="34" /><partstitch x="12" y="34" /><partstitch x="12" y="33" /><partstitch x="11" y="33" /><partstitch x="11" y="32" /><partstitch x="11" y="32" /><partstitch x="11" y="32" /><partstitch x="11" y="32" /><partstitch x="11" y="32" /><partstitch x="11" y="32" /><partstitch x="11" y="31" /><partstitch x="11" y="31" /><partstitch x="11" y="31" /><partstitch x="28" y="33" /><partstitch x="28" y="33" /><partstitch x="28" y="32" /><partstitch x="28" y="32" /><partstitch x="28" y="31" /><partstitch x="28" y="30" /><partstitch x="27" y="29" /><partstitch x="27" y="28" /><partstitch x="26" y="26" /><partstitch x="24" y="24" /><partstitch x="23" y="23" /><partstitch x="22" y="22" /><partstitch x="21" y="20" /><partstitch x="20" y="20" /><partstitch x="20" y="19" /><partstitch x="19" y="19" /><partstitch x="18" y="18" /><partstitch x="18" y="17" /><partstitch x="17" y="17" /><partstitch x="17" y="17" /><partstitch x="17" y="16" /><partstitch x="17" y="16" /><partstitch x="17" y="16" /><partstitch x="16" y="16" /><partstitch x="16" y="16" /><partstitch x="22" y="16" /><partstitch x="22" y="17" /><partstitch x="21" y="18" /><partstitch x="20" y="19" /><partstitch x="19" y="20" /><partstitch x="18" y="21" /><partstitch x="17" y="23" /><partstitch x="16" y="24" /><partstitch x="16" y="24" /><partstitch x="16" y="24" /><partstitch x="16" y="24" /><partstitch x="16" y="24" /><partstitch x="16" y="24" /><partstitch x="20" y="17" /><partstitch x="20" y="18" /><partstitch x="20" y="19" /><partstitch x="20" y="21" /><partstitch x="20" y="22" /><partstitch x="20" y="23" /><partstitch x="19" y="24" /><partstitch x="19" y="25" /><partstitch x="19" y="26" /><partstitch x="19" y="26" /><partstitch x="20" y="26" /><partstitch x="20" y="27" /><partstitch x="26" y="21" /><partstitch x="26" y="21" /><partstitch x="26" y="21" /><partstitch x="26" y="21" /><partstitch x="26" y="22" /><partstitch x="26" y="22" /><partstitch x="26" y="23" /><partstitch x="25" y="23" /><partstitch x="25" y="24" /><partstitch x="25" y="24" /><partstitch x="24" y="25" /><partstitch x="24" y="25" /><partstitch x="24" y="26" /><partstitch x="26" y="21" /><partstitch x="26" y="21" /><partstitch x="26" y="20" /><partstitch x="26" y="20" /><partstitch x="26" y="19" /><partstitch x="26" y="18" /><partstitch x="26" y="16" /><partstitch x="26" y="14" /><partstitch x="26" y="13" /><partstitch x="26" y="12" /><partstitch x="27" y="12" /><partstitch x="27" y="11" /><partstitch x="27" y="11" /><partstitch x="27" y="11" /><partstitch x="27" y="12" /><partstitch x="27" y="12" /><partstitch x="25" y="28" /><partstitch x="25" y="27" /><partstitch x="25" y="27" /><partstitch x="24" y="26" /><partstitch x="24" y="26" /><partstitch x="24" y="25" /><partstitch x="23" y="24" /><partstitch x="22" y="24" /><partstitch x="22" y="24" /><partstitch x="22" y="24" /><partstitch x="21" y="24" /><partstitch x="21" y="24" /><partstitch x="21" y="24" /><partstitch x="21" y="24" /><partstitch x="21" y="24" /><partstitch x="20" y="24" /><partstitch x="23" y="25" /><partstitch x="23" y="25" /><partstitch x="22" y="25" /><partstitch x="22" y="25" /><partstitch x="21" y="25" /><partstitch x="20" y="25" /><partstitch x="19" y="25" /><partstitch x="19" y="26" /><partstitch x="18" y="26" /><partstitch x="18" y="26" /><partstitch x="18" y="26" /><partstitch x="18" y="26" /><partstitch x="17" y="26" /><partstitch x="17" y="26" /><partstitch x="17" y="26" /><partstitch x="20" y="23" /><partstitch x="19" y="23" /><partstitch x="18" y="23" /><partstitch x="17" y="23" /><partstitch x="16" y="23" /><partstitch x="15" y="23" /><partstitch x="14" y="23" /><partstitch x="13" y="23" /><partstitch x="12" y="23" /><partstitch x="12" y="23" /><partstitch x="12" y="23" /><partstitch x="12" y="23" /><partstitch x="13" y="23" /><partstitch x="13" y="23" /><partstitch x="21" y="18" /><partstitch x="20" y="18" /><partstitch x="20" y="18" /><partstitch x="19" y="18" /><partstitch x="18" y="18" /><partstitch x="18" y="18" /><partstitch x="17" y="18" /><partstitch x="16" y="18" /><partstitch x="16" y="18" /><partstitch x="15" y="18" /><partstitch x="14" y="18" /><partstitch x="14" y="18" /><partstitch x="14" y="18" /><partstitch x="14" y="18" /><partstitch x="16" y="16" /><partstitch x="16" y="16" /><partstitch x="15" y="16" /><partstitch x="15" y="15" /><partstitch x="14" y="15" /><partstitch x="14" y="15" /><partstitch x="13" y="15" /><partstitch x="12" y="14" /><partstitch x="12" y="14" /><partstitch x="11" y="14" /><partstitch x="10" y="14" /><partstitch x="8" y="14" /><partstitch x="8" y="14" /><partstitch x="7" y="14" /><partstitch x="6" y="13" /><partstitch x="6" y="13" /><partstitch x="16" y="13" /><partstitch x="16" y="13" /><partstitch x="16" y="13" /><partstitch x="16" y="13" /><partstitch x="16" y="13" /><partstitch x="15" y="13" /><partstitch x="15" y="13" /></root>