<root><partstitch x="25" y="22" /><partstitch x="25" y="22" /><partstitch x="25" y="22" /><partstitch x="25" y="22" /><partstitch x="25" y="22" /><partstitch x="25" y="22" /><partstitch x="24" y="23" /><partstitch x="24" y="23" /><partstitch x="24" y="23" /><partstitch x="24" y="23" /><partstitch x="24" y="23" /><partstitch x="24" y="23" /><partstitch x="24" y="23" /><partstitch x="24" y="24" /><partstitch x="24" y="24" /><partstitch x="24" y="24" /><partstitch x="24" y="24" /><partstitch x="24" y="24" /><partstitch x="24" y="24" /><partstitch x="25" y="24" /><partstitch x="25" y="25" /><partstitch x="25" y="25" /><partstitch x="25" y="25" /><partstitch x="25" y="25" /><partstitch x="25" y="25" /><partstitch x="25" y="25" /><partstitch x="25" y="25" /><partstitch x="26" y="25" /><partstitch x="26" y="25" /><partstitch x="26" y="25" /><partstitch x="26" y="25" /><partstitch x="26" y="25" /><partstitch x="26" y="25" /><partstitch x="27" y="25" /><partstitch x="27" y="25" /><partstitch x="27" y="25" /><partstitch x="27" y="25" /><partstitch x="28" y="25" /><partstitch x="28" y="25" /><partstitch x="28" y="25" /><partstitch x="29" y="25" /><partstitch x="29" y="25" /><partstitch x="30" y="25" /><partstitch x="30" y="25" /><partstitch x="30" y="25" /><partstitch x="30" y="24" /><partstitch x="31" y="24" /><partstitch x="31" y="24" /><partstitch x="31" y="24" /><partstitch x="31" y="24" /><partstitch x="31" y="24" /><partstitch x="31" y="24" /><partstitch x="31" y="24" /><partstitch x="31" y="23" /><partstitch x="31" y="23" /><partstitch x="31" y="23" /><partstitch x="31" y="23" /><partstitch x="30" y="23" /><partstitch x="30" y="22" /><partstitch x="30" y="22" /><partstitch x="30" y="22" /><partstitch x="30" y="22" /><partstitch x="30" y="22" /><partstitch x="30" y="22" /><partstitch x="30" y="22" /><partstitch x="29" y="22" /><partstitch x="29" y="22" /><partstitch x="28" y="22" /><partstitch x="28" y="22" /><partstitch x="28" y="23" /><partstitch x="28" y="23" /><partstitch x="28" y="23" /><partstitch x="28" y="23" /><partstitch x="28" y="23" /><partstitch x="27" y="23" /><partstitch x="27" y="23" /><partstitch x="27" y="23" /><partstitch x="27" y="24" /><partstitch x="27" y="24" /><partstitch x="27" y="24" /><partstitch x="27" y="24" /><partstitch x="27" y="24" /><partstitch x="27" y="25" /><partstitch x="27" y="25" /><partstitch x="27" y="25" /><partstitch x="27" y="25" /><partstitch x="27" y="25" /><partstitch x="27" y="25" /><partstitch x="27" y="25" /><partstitch x="28" y="24" /><partstitch x="28" y="24" /><partstitch x="28" y="24" /><partstitch x="29" y="24" /><partstitch x="29" y="24" /><partstitch x="29" y="24" /><partstitch x="29" y="24" /><partstitch x="29" y="24" /><partstitch x="29" y="23" /><partstitch x="29" y="23" /><partstitch x="29" y="23" /><partstitch x="28" y="23" /><partstitch x="28" y="23" /><partstitch x="28" y="23" /><partstitch x="28" y="23" /><partstitch x="27" y="23" /><partstitch x="27" y="22" /><partstitch x="27" y="22" /><partstitch x="27" y="22" /><partstitch x="26" y="22" /><partstitch x="26" y="22" /><partstitch x="26" y="23" /><partstitch x="26" y="23" /><partstitch x="26" y="23" /><partstitch x="26" y="23" /><partstitch x="25" y="23" /><partstitch x="25" y="23" /><partstitch x="25" y="24" /><partstitch x="25" y="24" /><partstitch x="25" y="24" /><partstitch x="25" y="24" /><partstitch x="25" y="24" /><partstitch x="25" y="24" /><partstitch x="26" y="24" /><partstitch x="26" y="24" /><partstitch x="26" y="25" /><partstitch x="26" y="25" /><partstitch x="26" y="25" /><partstitch x="26" y="25" /><partstitch x="26" y="25" /><partstitch x="27" y="25" /><partstitch x="27" y="25" /><partstitch x="27" y="25" /><partstitch x="27" y="25" /><partstitch x="27" y="25" /><partstitch x="27" y="25" /><partstitch x="27" y="25" /><partstitch x="28" y="25" /><partstitch x="28" y="24" /><partstitch x="28" y="24" /><partstitch x="28" y="24" /><partstitch x="28" y="24" /><partstitch x="28" y="24" /><partstitch x="28" y="24" /><partstitch x="28" y="24" /><partstitch x="28" y="24" /><partstitch x="64" y="21" /><partstitch x="63" y="21" /><partstitch x="63" y="21" /><partstitch x="62" y="21" /><partstitch x="62" y="21" /><partstitch x="62" y="22" /><partstitch x="62" y="22" /><partstitch x="61" y="22" /><partstitch x="61" y="22" /><partstitch x="61" y="23" /><partstitch x="61" y="23" /><partstitch x="61" y="23" /><partstitch x="61" y="24" /><partstitch x="61" y="24" /><partstitch x="61" y="24" /><partstitch x="61" y="24" /><partstitch x="61" y="25" /><partstitch x="61" y="25" /><partstitch x="61" y="25" /><partstitch x="62" y="25" /><partstitch x="62" y="25" /><partstitch x="62" y="25" /><partstitch x="62" y="25" /><partstitch x="62" y="25" /><partstitch x="62" y="25" /><partstitch x="62" y="26" /><partstitch x="63" y="26" /><partstitch x="63" y="26" /><partstitch x="63" y="26" /><partstitch x="63" y="26" /><partstitch x="63" y="26" /><partstitch x="64" y="26" /><partstitch x="64" y="26" /><partstitch x="64" y="26" /><partstitch x="64" y="26" /><partstitch x="65" y="26" /><partstitch x="65" y="25" /><partstitch x="65" y="25" /><partstitch x="66" y="25" /><partstitch x="66" y="25" /><partstitch x="66" y="25" /><partstitch x="66" y="24" /><partstitch x="66" y="24" /><partstitch x="66" y="24" /><partstitch x="66" y="24" /><partstitch x="66" y="23" /><partstitch x="66" y="23" /><partstitch x="66" y="23" /><partstitch x="66" y="23" /><partstitch x="66" y="22" /><partstitch x="66" y="22" /><partstitch x="66" y="22" /><partstitch x="66" y="22" /><partstitch x="65" y="22" /><partstitch x="65" y="22" /><partstitch x="65" y="22" /><partstitch x="64" y="23" /><partstitch x="64" y="23" /><partstitch x="63" y="23" /><partstitch x="63" y="24" /><partstitch x="63" y="24" /><partstitch x="63" y="24" /><partstitch x="62" y="24" /><partstitch x="62" y="25" /><partstitch x="62" y="25" /><partstitch x="63" y="25" /><partstitch x="63" y="25" /><partstitch x="63" y="25" /><partstitch x="63" y="25" /><partstitch x="63" y="25" /><partstitch x="63" y="25" /><partstitch x="64" y="25" /><partstitch x="64" y="25" /><partstitch x="64" y="25" /><partstitch x="64" y="25" /><partstitch x="64" y="25" /><partstitch x="65" y="25" /><partstitch x="65" y="25" /><partstitch x="65" y="25" /><partstitch x="65" y="24" /><partstitch x="65" y="24" /><partstitch x="65" y="24" /><partstitch x="66" y="24" /><partstitch x="66" y="24" /><partstitch x="66" y="23" /><partstitch x="65" y="23" /><partstitch x="65" y="23" /><partstitch x="65" y="23" /><partstitch x="65" y="22" /><partstitch x="64" y="22" /><partstitch x="64" y="22" /><partstitch x="64" y="22" /><partstitch x="64" y="22" /><partstitch x="63" y="22" /><partstitch x="63" y="22" /><partstitch x="63" y="22" /><partstitch x="63" y="22" /><partstitch x="62" y="23" /><partstitch x="62" y="23" /><partstitch x="62" y="24" /><partstitch x="62" y="24" /><partstitch x="62" y="24" /><partstitch x="63" y="24" /><partstitch x="63" y="24" /><partstitch x="63" y="24" /><partstitch x="63" y="24" /><partstitch x="63" y="24" /><partstitch x="64" y="24" /><partstitch x="64" y="24" /><partstitch x="64" y="24" /><partstitch x="65" y="24" /><partstitch x="65" y="24" /><partstitch x="65" y="24" /><partstitch x="65" y="23" /><partstitch x="65" y="23" /><partstitch x="65" y="23" /><partstitch x="65" y="22" /><partstitch x="65" y="22" /><partstitch x="65" y="22" /><partstitch x="65" y="22" /><partstitch x="65" y="21" /><partstitch x="65" y="21" /><partstitch x="65" y="21" /><partstitch x="65" y="21" /><partstitch x="65" y="21" /><partstitch x="65" y="21" /><partstitch x="65" y="21" /><partstitch x="64" y="21" /><partstitch x="64" y="22" /><partstitch x="63" y="22" /><partstitch x="63" y="22" /><partstitch x="63" y="22" /><partstitch x="63" y="22" /><partstitch x="63" y="22" /><partstitch x="63" y="22" /><partstitch x="63" y="22" /><partstitch x="62" y="22" /><partstitch x="62" y="23" /><partstitch x="62" y="23" /><partstitch x="30" y="48" /><partstitch x="30" y="49" /><partstitch x="30" y="49" /><partstitch x="30" y="49" /><partstitch x="30" y="49" /><partstitch x="30" y="49" /><partstitch x="31" y="50" /><partstitch x="31" y="50" /><partstitch x="32" y="50" /><partstitch x="32" y="50" /><partstitch x="33" y="51" /><partstitch x="33" y="51" /><partstitch x="33" y="51" /><partstitch x="33" y="51" /><partstitch x="34" y="52" /><partstitch x="35" y="52" /><partstitch x="35" y="52" /><partstitch x="36" y="53" /><partstitch x="36" y="53" /><partstitch x="36" y="53" /><partstitch x="37" y="53" /><partstitch x="38" y="53" /><partstitch x="38" y="53" /><partstitch x="38" y="53" /><partstitch x="39" y="53" /><partstitch x="40" y="53" /><partstitch x="40" y="53" /><partstitch x="40" y="53" /><partstitch x="41" y="53" /><partstitch x="42" y="54" /><partstitch x="42" y="54" /><partstitch x="43" y="54" /><partstitch x="44" y="54" /><partstitch x="44" y="53" /><partstitch x="45" y="53" /><partstitch x="45" y="53" /><partstitch x="45" y="53" /><partstitch x="46" y="53" /><partstitch x="46" y="53" /><partstitch x="47" y="52" /><partstitch x="48" y="52" /><partstitch x="48" y="52" /><partstitch x="48" y="52" /><partstitch x="49" y="52" /><partstitch x="49" y="51" /><partstitch x="49" y="51" /><partstitch x="49" y="51" /><partstitch x="50" y="51" /><partstitch x="50" y="51" /><partstitch x="50" y="50" /><partstitch x="51" y="50" /><partstitch x="51" y="50" /><partstitch x="52" y="49" /><partstitch x="52" y="49" /><partstitch x="52" y="49" /><partstitch x="53" y="48" /><partstitch x="53" y="48" /><partstitch x="54" y="48" /><partstitch x="54" y="48" /><partstitch x="54" y="47" /><partstitch x="54" y="47" /><partstitch x="54" y="47" /><partstitch x="55" y="47" /><partstitch x="55" y="47" /><partstitch x="55" y="47" /><partstitch x="55" y="46" /><partstitch x="55" y="46" /><partstitch x="56" y="46" /><partstitch x="56" y="45" /><partstitch x="56" y="45" /><partstitch x="56" y="45" /><partstitch x="56" y="45" /><partstitch x="57" y="44" /><partstitch x="57" y="44" /><partstitch x="57" y="44" /><partstitch x="57" y="44" /><partstitch x="56" y="44" /><partstitch x="56" y="45" /><partstitch x="56" y="45" /><partstitch x="55" y="45" /><partstitch x="54" y="45" /><partstitch x="54" y="45" /><partstitch x="53" y="45" /><partstitch x="52" y="45" /><partstitch x="50" y="45" /><partstitch x="50" y="45" /><partstitch x="48" y="45" /><partstitch x="46" y="45" /><partstitch x="44" y="45" /><partstitch x="42" y="45" /><partstitch x="40" y="45" /><partstitch x="39" y="45" /><partstitch x="37" y="45" /><partstitch x="37" y="45" /><partstitch x="36" y="45" /><partstitch x="36" y="45" /><partstitch x="36" y="45" /><partstitch x="35" y="45" /><partstitch x="35" y="45" /><partstitch x="34" y="45" /><partstitch x="34" y="45" /><partstitch x="33" y="45" /><partstitch x="33" y="45" /><partstitch x="33" y="45" /><partstitch x="32" y="45" /><partstitch x="32" y="45" /><partstitch x="32" y="45" /><partstitch x="32" y="45" /><partstitch x="32" y="45" /><partstitch x="32" y="45" /><partstitch x="32" y="46" /><partstitch x="31" y="46" /><partstitch x="31" y="46" /><partstitch x="31" y="46" /><partstitch x="31" y="46" /><partstitch x="31" y="46" /><partstitch x="31" y="46" /><partstitch x="31" y="46" /><partstitch x="31" y="46" /><partstitch x="31" y="46" /><partstitch x="31" y="46" /><partstitch x="31" y="46" /><partstitch x="30" y="47" /><partstitch x="30" y="47" /><partstitch x="30" y="47" /><partstitch x="30" y="47" /><partstitch x="30" y="47" /><partstitch x="30" y="48" /><partstitch x="30" y="48" /><partstitch x="30" y="48" /><partstitch x="30" y="48" /><partstitch x="30" y="49" /><partstitch x="31" y="49" /><partstitch x="31" y="49" /><partstitch x="31" y="50" /><partstitch x="31" y="50" /><partstitch x="31" y="50" /><partstitch x="31" y="50" /><partstitch x="31" y="50" /><partstitch x="32" y="50" /><partstitch x="32" y="50" /><partstitch x="32" y="51" /><partstitch x="32" y="51" /><partstitch x="33" y="51" /><partstitch x="33" y="51" /><partstitch x="33" y="51" /><partstitch x="34" y="51" /><partstitch x="35" y="51" /><partstitch x="36" y="51" /><partstitch x="37" y="51" /><partstitch x="38" y="51" /><partstitch x="38" y="51" /><partstitch x="39" y="51" /><partstitch x="40" y="50" /><partstitch x="42" y="50" /><partstitch x="43" y="50" /><partstitch x="44" y="50" /><partstitch x="45" y="49" /><partstitch x="46" y="49" /><partstitch x="47" y="49" /><partstitch x="48" y="49" /><partstitch x="49" y="48" /><partstitch x="49" y="48" /><partstitch x="50" y="48" /><partstitch x="50" y="48" /><partstitch x="50" y="48" /><partstitch x="50" y="48" /><partstitch x="49" y="48" /><partstitch x="48" y="48" /><partstitch x="47" y="48" /><partstitch x="46" y="48" /><partstitch x="44" y="48" /><partstitch x="42" y="49" /><partstitch x="40" y="49" /><partstitch x="38" y="49" /><partstitch x="36" y="49" /><partstitch x="34" y="49" /><partstitch x="33" y="49" /><partstitch x="33" y="49" /><partstitch x="33" y="49" /><partstitch x="33" y="49" /><partstitch x="34" y="49" /><partstitch x="34" y="49" /><partstitch x="36" y="49" /><partstitch x="37" y="49" /><partstitch x="38" y="49" /><partstitch x="39" y="49" /><partstitch x="40" y="49" /><partstitch x="42" y="49" /><partstitch x="43" y="49" /><partstitch x="44" y="49" /><partstitch x="45" y="49" /><partstitch x="46" y="50" /><partstitch x="47" y="50" /><partstitch x="47" y="50" /><partstitch x="47" y="50" /><partstitch x="46" y="50" /><partstitch x="46" y="50" /><partstitch x="45" y="49" /><partstitch x="43" y="49" /><partstitch x="42" y="49" /><partstitch x="40" y="49" /><partstitch x="40" y="49" /><partstitch x="38" y="49" /><partstitch x="38" y="49" /><partstitch x="37" y="48" /><partstitch x="36" y="48" /><partstitch x="35" y="48" /><partstitch x="34" y="48" /><partstitch x="34" y="48" /><partstitch x="34" y="48" /><partstitch x="35" y="48" /><partstitch x="35" y="48" /><partstitch x="36" y="48" /><partstitch x="38" y="48" /><partstitch x="39" y="48" /><partstitch x="41" y="48" /><partstitch x="41" y="48" /><partstitch x="43" y="47" /><partstitch x="45" y="47" /><partstitch x="47" y="47" /><partstitch x="48" y="47" /><partstitch x="49" y="47" /><partstitch x="49" y="47" /><partstitch x="49" y="47" /><partstitch x="49" y="47" /><partstitch x="48" y="47" /><partstitch x="47" y="46" /><partstitch x="45" y="46" /><partstitch x="43" y="46" /><partstitch x="41" y="46" /><partstitch x="39" y="46" /><partstitch x="38" y="46" /><partstitch x="36" y="47" /><partstitch x="35" y="47" /><partstitch x="34" y="47" /><partstitch x="34" y="47" /><partstitch x="34" y="47" /><partstitch x="34" y="47" /><partstitch x="34" y="47" /><partstitch x="35" y="47" /><partstitch x="37" y="47" /><partstitch x="38" y="47" /><partstitch x="39" y="47" /><partstitch x="40" y="47" /><partstitch x="42" y="47" /><partstitch x="44" y="47" /><partstitch x="46" y="47" /><partstitch x="46" y="47" /><partstitch x="47" y="48" /><partstitch x="48" y="48" /><partstitch x="49" y="48" /><partstitch x="49" y="48" /><partstitch x="49" y="47" /><partstitch x="48" y="47" /><partstitch x="48" y="47" /><partstitch x="46" y="47" /><partstitch x="45" y="47" /><partstitch x="44" y="47" /><partstitch x="42" y="47" /><partstitch x="41" y="47" /><partstitch x="39" y="47" /><partstitch x="37" y="47" /><partstitch x="35" y="47" /><partstitch x="33" y="48" /><partstitch x="32" y="48" /><partstitch x="31" y="48" /><partstitch x="30" y="48" /><partstitch x="30" y="48" /><partstitch x="30" y="48" /><partstitch x="31" y="48" /><partstitch x="33" y="48" /><partstitch x="35" y="48" /><partstitch x="37" y="48" /><partstitch x="39" y="48" /><partstitch x="42" y="48" /><partstitch x="44" y="48" /><partstitch x="47" y="48" /><partstitch x="49" y="48" /><partstitch x="50" y="48" /><partstitch x="51" y="48" /><partstitch x="52" y="48" /><partstitch x="52" y="48" /><partstitch x="52" y="48" /><partstitch x="52" y="48" /><partstitch x="52" y="47" /><partstitch x="52" y="47" /><partstitch x="52" y="47" /><partstitch x="52" y="47" /><partstitch x="51" y="47" /><partstitch x="51" y="47" /><partstitch x="50" y="47" /><partstitch x="49" y="47" /><partstitch x="48" y="48" /><partstitch x="47" y="48" /><partstitch x="46" y="49" /><partstitch x="44" y="50" /><partstitch x="43" y="50" /><partstitch x="43" y="51" /><partstitch x="42" y="51" /><partstitch x="42" y="52" /><partstitch x="42" y="52" /><partstitch x="41" y="52" /><partstitch x="41" y="52" /><partstitch x="41" y="53" /><partstitch x="42" y="53" /><partstitch x="42" y="53" /><partstitch x="43" y="52" /><partstitch x="44" y="52" /><partstitch x="45" y="52" /><partstitch x="46" y="51" /><partstitch x="48" y="51" /><partstitch x="49" y="50" /><partstitch x="50" y="50" /><partstitch x="52" y="50" /><partstitch x="52" y="49" /><partstitch x="53" y="49" /><partstitch x="53" y="49" /><partstitch x="53" y="48" /><partstitch x="53" y="48" /><partstitch x="53" y="48" /><partstitch x="53" y="48" /><partstitch x="52" y="48" /><partstitch x="52" y="48" /><partstitch x="52" y="48" /><partstitch x="51" y="48" /><partstitch x="50" y="48" /><partstitch x="50" y="48" /><partstitch x="48" y="48" /><partstitch x="47" y="49" /><partstitch x="46" y="49" /><partstitch x="45" y="50" /><partstitch x="44" y="50" /><partstitch x="44" y="50" /><partstitch x="43" y="50" /><partstitch x="44" y="50" /><partstitch x="45" y="50" /><partstitch x="46" y="49" /><partstitch x="46" y="49" /><partstitch x="47" y="49" /><partstitch x="49" y="48" /><partstitch x="49" y="48" /><partstitch x="50" y="47" /><partstitch x="52" y="47" /><partstitch x="53" y="46" /><partstitch x="54" y="46" /><partstitch x="54" y="46" /><partstitch x="54" y="46" /><partstitch x="55" y="45" /><partstitch x="55" y="45" /><partstitch x="55" y="45" /><partstitch x="54" y="45" /><partstitch x="54" y="45" /><partstitch x="53" y="46" /><partstitch x="52" y="46" /><partstitch x="50" y="47" /><partstitch x="49" y="48" /><partstitch x="47" y="49" /><partstitch x="46" y="50" /><partstitch x="45" y="50" /><partstitch x="45" y="50" /><partstitch x="44" y="50" /><partstitch x="44" y="50" /><partstitch x="44" y="50" /><partstitch x="44" y="50" /><partstitch x="45" y="50" /><partstitch x="45" y="50" /><partstitch x="46" y="50" /><partstitch x="47" y="50" /><partstitch x="48" y="49" /><partstitch x="49" y="49" /><partstitch x="50" y="49" /><partstitch x="50" y="49" /><partstitch x="51" y="49" /><partstitch x="50" y="49" /><partstitch x="50" y="49" /><partstitch x="50" y="49" /><partstitch x="49" y="49" /><partstitch x="48" y="49" /><partstitch x="48" y="49" /><partstitch x="47" y="49" /><partstitch x="47" y="49" /><partstitch x="46" y="49" /><partstitch x="45" y="50" /><partstitch x="45" y="50" /><partstitch x="44" y="50" /><partstitch x="44" y="50" /><partstitch x="44" y="50" /><partstitch x="43" y="50" /><partstitch x="42" y="50" /><partstitch x="42" y="50" /><partstitch x="41" y="50" /><partstitch x="40" y="50" /><partstitch x="40" y="50" /><partstitch x="39" y="51" /><partstitch x="39" y="51" /><partstitch x="39" y="50" /><partstitch x="39" y="50" /><partstitch x="39" y="50" /><partstitch x="40" y="50" /><partstitch x="40" y="50" /><partstitch x="40" y="50" /><partstitch x="40" y="50" /><partstitch x="40" y="49" /><partstitch x="40" y="49" /><partstitch x="40" y="49" /><partstitch x="39" y="49" /><partstitch x="39" y="49" /><partstitch x="39" y="49" /><partstitch x="38" y="49" /><partstitch x="38" y="49" /><partstitch x="37" y="49" /><partstitch x="36" y="49" /><partstitch x="35" y="49" /><partstitch x="34" y="49" /><partstitch x="34" y="49" /><partstitch x="33" y="49" /><partstitch x="32" y="49" /><partstitch x="32" y="49" /><partstitch x="32" y="49" /><partstitch x="32" y="48" /><partstitch x="32" y="48" /><partstitch x="32" y="48" /><partstitch x="32" y="48" /><partstitch x="32" y="48" /><partstitch x="32" y="48" /><partstitch x="31" y="48" /><partstitch x="31" y="48" /><partstitch x="31" y="47" /><partstitch x="31" y="47" /><partstitch x="31" y="47" /><partstitch x="31" y="47" /><partstitch x="31" y="47" /><partstitch x="32" y="48" /><partstitch x="32" y="48" /><partstitch x="32" y="48" /><partstitch x="32" y="48" /><partstitch x="33" y="48" /><partstitch x="33" y="48" /><partstitch x="33" y="48" /><partstitch x="33" y="48" /><partstitch x="33" y="48" /><partstitch x="34" y="48" /><partstitch x="34" y="49" /><partstitch x="34" y="49" /><partstitch x="34" y="49" /><partstitch x="34" y="49" /><partstitch x="35" y="49" /><partstitch x="35" y="49" /><partstitch x="35" y="49" /><partstitch x="35" y="50" /><partstitch x="35" y="50" /><partstitch x="36" y="50" /><partstitch x="36" y="50" /><partstitch x="36" y="50" /><partstitch x="37" y="50" /><partstitch x="37" y="50" /><partstitch x="37" y="50" /><partstitch x="37" y="50" /><partstitch x="37" y="50" /><partstitch x="37" y="50" /></root>