<root><partstitch x="37" y="26" /><partstitch x="37" y="26" /><partstitch x="37" y="26" /><partstitch x="37" y="26" /><partstitch x="37" y="26" /><partstitch x="36" y="26" /><partstitch x="36" y="26" /><partstitch x="36" y="26" /><partstitch x="35" y="26" /><partstitch x="35" y="26" /><partstitch x="35" y="26" /><partstitch x="34" y="26" /><partstitch x="34" y="26" /><partstitch x="34" y="26" /><partstitch x="33" y="26" /><partstitch x="33" y="26" /><partstitch x="32" y="26" /><partstitch x="32" y="26" /><partstitch x="31" y="26" /><partstitch x="31" y="26" /><partstitch x="31" y="26" /><partstitch x="30" y="27" /><partstitch x="30" y="27" /><partstitch x="29" y="27" /><partstitch x="29" y="28" /><partstitch x="28" y="28" /><partstitch x="28" y="28" /><partstitch x="27" y="29" /><partstitch x="26" y="29" /><partstitch x="26" y="29" /><partstitch x="25" y="30" /><partstitch x="25" y="30" /><partstitch x="24" y="31" /><partstitch x="24" y="31" /><partstitch x="23" y="32" /><partstitch x="23" y="32" /><partstitch x="23" y="33" /><partstitch x="23" y="34" /><partstitch x="22" y="34" /><partstitch x="22" y="35" /><partstitch x="22" y="35" /><partstitch x="22" y="36" /><partstitch x="22" y="36" /><partstitch x="21" y="37" /><partstitch x="21" y="38" /><partstitch x="21" y="38" /><partstitch x="21" y="39" /><partstitch x="21" y="40" /><partstitch x="21" y="41" /><partstitch x="20" y="42" /><partstitch x="20" y="43" /><partstitch x="20" y="44" /><partstitch x="20" y="45" /><partstitch x="20" y="46" /><partstitch x="20" y="47" /><partstitch x="20" y="48" /><partstitch x="20" y="50" /><partstitch x="20" y="51" /><partstitch x="20" y="52" /><partstitch x="20" y="53" /><partstitch x="20" y="54" /><partstitch x="20" y="54" /><partstitch x="21" y="55" /><partstitch x="21" y="56" /><partstitch x="21" y="57" /><partstitch x="22" y="58" /><partstitch x="22" y="59" /><partstitch x="22" y="60" /><partstitch x="22" y="60" /><partstitch x="23" y="61" /><partstitch x="23" y="62" /><partstitch x="24" y="62" /><partstitch x="24" y="63" /><partstitch x="24" y="64" /><partstitch x="25" y="65" /><partstitch x="25" y="66" /><partstitch x="26" y="66" /><partstitch x="26" y="67" /><partstitch x="27" y="68" /><partstitch x="28" y="69" /><partstitch x="29" y="70" /><partstitch x="30" y="71" /><partstitch x="30" y="71" /><partstitch x="31" y="72" /><partstitch x="32" y="72" /><partstitch x="32" y="73" /><partstitch x="33" y="74" /><partstitch x="34" y="74" /><partstitch x="35" y="75" /><partstitch x="36" y="75" /><partstitch x="37" y="76" /><partstitch x="38" y="76" /><partstitch x="39" y="77" /><partstitch x="40" y="77" /><partstitch x="42" y="78" /><partstitch x="43" y="78" /><partstitch x="45" y="79" /><partstitch x="46" y="79" /><partstitch x="47" y="80" /><partstitch x="49" y="80" /><partstitch x="50" y="80" /><partstitch x="51" y="80" /><partstitch x="53" y="81" /><partstitch x="54" y="81" /><partstitch x="55" y="81" /><partstitch x="56" y="81" /><partstitch x="58" y="81" /><partstitch x="59" y="81" /><partstitch x="60" y="81" /><partstitch x="61" y="81" /><partstitch x="62" y="81" /><partstitch x="63" y="80" /><partstitch x="64" y="80" /><partstitch x="65" y="80" /><partstitch x="65" y="80" /><partstitch x="66" y="80" /><partstitch x="66" y="80" /><partstitch x="67" y="79" /><partstitch x="68" y="79" /><partstitch x="68" y="79" /><partstitch x="69" y="79" /><partstitch x="70" y="78" /><partstitch x="71" y="78" /><partstitch x="71" y="78" /><partstitch x="72" y="78" /><partstitch x="73" y="77" /><partstitch x="74" y="77" /><partstitch x="74" y="77" /><partstitch x="76" y="76" /><partstitch x="76" y="76" /><partstitch x="77" y="75" /><partstitch x="78" y="75" /><partstitch x="79" y="74" /><partstitch x="80" y="74" /><partstitch x="80" y="74" /><partstitch x="81" y="74" /><partstitch x="81" y="73" /><partstitch x="82" y="72" /><partstitch x="83" y="72" /><partstitch x="83" y="72" /><partstitch x="84" y="71" /><partstitch x="84" y="70" /><partstitch x="85" y="70" /><partstitch x="86" y="69" /><partstitch x="86" y="68" /><partstitch x="86" y="68" /><partstitch x="87" y="67" /><partstitch x="87" y="67" /><partstitch x="87" y="66" /><partstitch x="87" y="65" /><partstitch x="88" y="65" /><partstitch x="88" y="64" /><partstitch x="88" y="64" /><partstitch x="88" y="63" /><partstitch x="88" y="62" /><partstitch x="88" y="62" /><partstitch x="88" y="61" /><partstitch x="89" y="60" /><partstitch x="89" y="59" /><partstitch x="89" y="58" /><partstitch x="89" y="58" /><partstitch x="89" y="57" /><partstitch x="89" y="56" /><partstitch x="89" y="55" /><partstitch x="89" y="54" /><partstitch x="89" y="53" /><partstitch x="89" y="52" /><partstitch x="88" y="51" /><partstitch x="88" y="50" /><partstitch x="88" y="49" /><partstitch x="88" y="48" /><partstitch x="88" y="48" /><partstitch x="87" y="47" /><partstitch x="87" y="46" /><partstitch x="86" y="45" /><partstitch x="86" y="44" /><partstitch x="86" y="43" /><partstitch x="85" y="42" /><partstitch x="84" y="41" /><partstitch x="84" y="40" /><partstitch x="84" y="39" /><partstitch x="83" y="38" /><partstitch x="83" y="38" /><partstitch x="82" y="37" /><partstitch x="82" y="36" /><partstitch x="81" y="35" /><partstitch x="81" y="34" /><partstitch x="80" y="34" /><partstitch x="80" y="33" /><partstitch x="80" y="33" /><partstitch x="79" y="32" /><partstitch x="79" y="32" /><partstitch x="79" y="32" /><partstitch x="79" y="32" /><partstitch x="79" y="32" /><partstitch x="79" y="32" /><partstitch x="79" y="32" /><partstitch x="79" y="32" /><partstitch x="79" y="31" /><partstitch x="78" y="31" /><partstitch x="78" y="31" /><partstitch x="78" y="31" /><partstitch x="78" y="31" /><partstitch x="77" y="31" /><partstitch x="77" y="31" /><partstitch x="76" y="30" /><partstitch x="76" y="30" /><partstitch x="75" y="30" /><partstitch x="75" y="30" /><partstitch x="74" y="30" /><partstitch x="73" y="29" /><partstitch x="73" y="29" /><partstitch x="72" y="29" /><partstitch x="72" y="29" /><partstitch x="71" y="29" /><partstitch x="71" y="28" /><partstitch x="71" y="28" /><partstitch x="70" y="28" /><partstitch x="70" y="28" /><partstitch x="70" y="28" /><partstitch x="70" y="28" /><partstitch x="70" y="28" /><partstitch x="69" y="28" /><partstitch x="69" y="28" /><partstitch x="69" y="28" /><partstitch x="68" y="28" /><partstitch x="68" y="28" /><partstitch x="68" y="28" /><partstitch x="67" y="29" /><partstitch x="67" y="29" /><partstitch x="67" y="29" /><partstitch x="66" y="29" /><partstitch x="66" y="29" /><partstitch x="66" y="29" /><partstitch x="66" y="29" /><partstitch x="66" y="29" /><partstitch x="65" y="29" /><partstitch x="65" y="30" /><partstitch x="65" y="30" /><partstitch x="65" y="30" /><partstitch x="65" y="30" /><partstitch x="64" y="30" /><partstitch x="64" y="30" /><partstitch x="64" y="30" /><partstitch x="64" y="30" /><partstitch x="64" y="30" /><partstitch x="64" y="30" /><partstitch x="64" y="30" /><partstitch x="64" y="30" /><partstitch x="64" y="31" /><partstitch x="64" y="31" /><partstitch x="63" y="31" /><partstitch x="63" y="31" /><partstitch x="63" y="31" /><partstitch x="63" y="31" /><partstitch x="63" y="31" /><partstitch x="63" y="31" /><partstitch x="62" y="31" /><partstitch x="62" y="31" /><partstitch x="62" y="31" /><partstitch x="38" y="26" /><partstitch x="38" y="26" /><partstitch x="38" y="26" /><partstitch x="38" y="26" /><partstitch x="38" y="26" /><partstitch x="38" y="26" /><partstitch x="39" y="26" /><partstitch x="39" y="26" /><partstitch x="39" y="26" /><partstitch x="40" y="27" /><partstitch x="40" y="27" /><partstitch x="40" y="27" /><partstitch x="41" y="27" /><partstitch x="41" y="28" /><partstitch x="42" y="28" /><partstitch x="44" y="29" /><partstitch x="45" y="29" /><partstitch x="46" y="30" /><partstitch x="47" y="30" /><partstitch x="47" y="30" /><partstitch x="47" y="31" /><partstitch x="47" y="31" /><partstitch x="47" y="31" /><partstitch x="48" y="30" /><partstitch x="48" y="30" /><partstitch x="48" y="30" /><partstitch x="48" y="30" /><partstitch x="48" y="30" /><partstitch x="48" y="30" /><partstitch x="48" y="30" /><partstitch x="48" y="30" /><partstitch x="48" y="29" /><partstitch x="48" y="29" /><partstitch x="48" y="29" /><partstitch x="48" y="29" /><partstitch x="48" y="29" /><partstitch x="48" y="29" /><partstitch x="48" y="29" /><partstitch x="48" y="29" /><partstitch x="49" y="29" /><partstitch x="49" y="29" /><partstitch x="50" y="29" /><partstitch x="51" y="29" /><partstitch x="51" y="29" /><partstitch x="52" y="29" /><partstitch x="52" y="30" /><partstitch x="52" y="30" /><partstitch x="52" y="30" /><partstitch x="53" y="30" /><partstitch x="53" y="30" /><partstitch x="53" y="30" /><partstitch x="53" y="30" /><partstitch x="53" y="30" /><partstitch x="53" y="30" /><partstitch x="53" y="30" /><partstitch x="54" y="30" /><partstitch x="54" y="30" /><partstitch x="54" y="30" /><partstitch x="54" y="30" /><partstitch x="54" y="30" /><partstitch x="54" y="30" /><partstitch x="55" y="30" /><partstitch x="55" y="30" /><partstitch x="55" y="30" /><partstitch x="56" y="30" /><partstitch x="56" y="31" /><partstitch x="56" y="31" /><partstitch x="56" y="31" /><partstitch x="57" y="31" /><partstitch x="57" y="31" /><partstitch x="57" y="31" /><partstitch x="57" y="31" /><partstitch x="57" y="31" /><partstitch x="57" y="31" /><partstitch x="57" y="31" /><partstitch x="58" y="30" /><partstitch x="58" y="30" /><partstitch x="58" y="30" /><partstitch x="58" y="30" /><partstitch x="58" y="30" /><partstitch x="58" y="30" /><partstitch x="58" y="30" /><partstitch x="58" y="30" /><partstitch x="58" y="30" /><partstitch x="58" y="30" /><partstitch x="57" y="30" /><partstitch x="57" y="30" /><partstitch x="57" y="30" /><partstitch x="58" y="30" /><partstitch x="58" y="30" /><partstitch x="58" y="31" /><partstitch x="59" y="31" /><partstitch x="60" y="31" /><partstitch x="60" y="31" /><partstitch x="60" y="31" /><partstitch x="61" y="31" /><partstitch x="62" y="31" /><partstitch x="62" y="31" /><partstitch x="62" y="31" /><partstitch x="62" y="31" /><partstitch x="52" y="29" /><partstitch x="52" y="29" /><partstitch x="53" y="29" /><partstitch x="53" y="29" /><partstitch x="53" y="29" /><partstitch x="53" y="28" /><partstitch x="53" y="28" /><partstitch x="53" y="28" /><partstitch x="53" y="27" /><partstitch x="54" y="27" /><partstitch x="54" y="27" /><partstitch x="54" y="26" /><partstitch x="54" y="26" /><partstitch x="54" y="26" /><partstitch x="54" y="25" /><partstitch x="55" y="25" /><partstitch x="55" y="24" /><partstitch x="55" y="23" /><partstitch x="55" y="23" /><partstitch x="55" y="22" /><partstitch x="55" y="22" /><partstitch x="56" y="22" /><partstitch x="56" y="21" /><partstitch x="56" y="21" /><partstitch x="56" y="20" /><partstitch x="56" y="20" /><partstitch x="56" y="20" /><partstitch x="56" y="19" /><partstitch x="56" y="19" /><partstitch x="57" y="19" /><partstitch x="57" y="18" /><partstitch x="57" y="18" /><partstitch x="57" y="18" /><partstitch x="58" y="18" /><partstitch x="58" y="18" /><partstitch x="59" y="17" /><partstitch x="60" y="17" /><partstitch x="60" y="17" /><partstitch x="61" y="16" /><partstitch x="61" y="16" /><partstitch x="61" y="16" /><partstitch x="62" y="16" /><partstitch x="62" y="16" /><partstitch x="62" y="16" /><partstitch x="63" y="16" /><partstitch x="63" y="16" /><partstitch x="63" y="16" /><partstitch x="63" y="16" /><partstitch x="63" y="16" /><partstitch x="63" y="16" /><partstitch x="63" y="15" /><partstitch x="63" y="15" /><partstitch x="64" y="15" /><partstitch x="64" y="15" /><partstitch x="64" y="15" /><partstitch x="64" y="16" /><partstitch x="64" y="16" /><partstitch x="64" y="16" /><partstitch x="64" y="16" /><partstitch x="64" y="16" /><partstitch x="64" y="16" /><partstitch x="64" y="16" /><partstitch x="64" y="16" /><partstitch x="64" y="16" /><partstitch x="64" y="17" /><partstitch x="63" y="17" /><partstitch x="63" y="17" /><partstitch x="63" y="17" /><partstitch x="62" y="17" /><partstitch x="62" y="17" /><partstitch x="62" y="17" /><partstitch x="62" y="18" /><partstitch x="61" y="18" /><partstitch x="61" y="18" /><partstitch x="61" y="18" /><partstitch x="60" y="18" /><partstitch x="60" y="19" /><partstitch x="60" y="19" /><partstitch x="60" y="19" /><partstitch x="60" y="19" /><partstitch x="59" y="19" /><partstitch x="59" y="20" /><partstitch x="59" y="20" /><partstitch x="59" y="20" /><partstitch x="59" y="20" /><partstitch x="59" y="20" /><partstitch x="59" y="20" /><partstitch x="58" y="21" /><partstitch x="58" y="21" /><partstitch x="58" y="21" /><partstitch x="58" y="22" /><partstitch x="58" y="22" /><partstitch x="57" y="22" /><partstitch x="57" y="23" /><partstitch x="57" y="23" /><partstitch x="56" y="24" /><partstitch x="56" y="24" /><partstitch x="56" y="25" /><partstitch x="56" y="25" /><partstitch x="56" y="25" /><partstitch x="55" y="26" /><partstitch x="55" y="26" /><partstitch x="55" y="26" /><partstitch x="55" y="26" /><partstitch x="55" y="27" /><partstitch x="55" y="27" /><partstitch x="55" y="27" /><partstitch x="55" y="27" /><partstitch x="55" y="28" /><partstitch x="55" y="28" /><partstitch x="55" y="28" /><partstitch x="59" y="18" /><partstitch x="58" y="18" /><partstitch x="58" y="18" /><partstitch x="58" y="18" /><partstitch x="58" y="18" /><partstitch x="58" y="18" /><partstitch x="58" y="18" /><partstitch x="58" y="18" /><partstitch x="58" y="18" /><partstitch x="58" y="18" /><partstitch x="58" y="19" /><partstitch x="58" y="19" /><partstitch x="57" y="19" /><partstitch x="57" y="19" /><partstitch x="57" y="19" /><partstitch x="57" y="19" /><partstitch x="57" y="19" /><partstitch x="57" y="20" /><partstitch x="56" y="20" /><partstitch x="56" y="20" /><partstitch x="56" y="20" /><partstitch x="56" y="20" /><partstitch x="56" y="20" /><partstitch x="56" y="21" /><partstitch x="56" y="21" /><partstitch x="56" y="21" /><partstitch x="56" y="21" /><partstitch x="56" y="21" /><partstitch x="56" y="21" /><partstitch x="56" y="22" /><partstitch x="56" y="22" /><partstitch x="55" y="22" /><partstitch x="55" y="23" /><partstitch x="55" y="23" /><partstitch x="55" y="24" /><partstitch x="55" y="24" /><partstitch x="55" y="25" /><partstitch x="55" y="25" /><partstitch x="38" y="28" /><partstitch x="38" y="28" /><partstitch x="38" y="28" /><partstitch x="38" y="28" /><partstitch x="38" y="29" /><partstitch x="38" y="29" /><partstitch x="38" y="30" /><partstitch x="38" y="30" /><partstitch x="38" y="31" /><partstitch x="38" y="31" /><partstitch x="38" y="32" /><partstitch x="38" y="32" /><partstitch x="38" y="33" /><partstitch x="38" y="34" /><partstitch x="37" y="34" /><partstitch x="37" y="35" /><partstitch x="37" y="36" /><partstitch x="37" y="37" /><partstitch x="36" y="37" /><partstitch x="36" y="38" /><partstitch x="36" y="38" /><partstitch x="36" y="38" /><partstitch x="37" y="38" /><partstitch x="37" y="38" /><partstitch x="37" y="38" /><partstitch x="38" y="38" /><partstitch x="38" y="38" /><partstitch x="39" y="38" /><partstitch x="40" y="38" /><partstitch x="40" y="37" /><partstitch x="41" y="37" /><partstitch x="42" y="37" /><partstitch x="43" y="36" /><partstitch x="44" y="36" /><partstitch x="44" y="36" /><partstitch x="45" y="36" /><partstitch x="46" y="35" /><partstitch x="46" y="35" /><partstitch x="46" y="35" /><partstitch x="47" y="35" /><partstitch x="47" y="35" /><partstitch x="47" y="35" /><partstitch x="47" y="35" /><partstitch x="48" y="35" /><partstitch x="48" y="36" /><partstitch x="48" y="36" /><partstitch x="49" y="37" /><partstitch x="50" y="37" /><partstitch x="50" y="38" /><partstitch x="51" y="38" /><partstitch x="51" y="39" /><partstitch x="52" y="39" /><partstitch x="52" y="40" /><partstitch x="53" y="40" /><partstitch x="53" y="40" /><partstitch x="54" y="40" /><partstitch x="54" y="41" /><partstitch x="54" y="41" /><partstitch x="54" y="41" /><partstitch x="54" y="41" /><partstitch x="54" y="41" /><partstitch x="54" y="41" /><partstitch x="54" y="41" /><partstitch x="54" y="41" /><partstitch x="55" y="41" /><partstitch x="55" y="41" /><partstitch x="55" y="41" /><partstitch x="55" y="40" /><partstitch x="56" y="40" /><partstitch x="56" y="40" /><partstitch x="56" y="39" /><partstitch x="57" y="39" /><partstitch x="57" y="38" /><partstitch x="57" y="37" /><partstitch x="58" y="37" /><partstitch x="58" y="36" /><partstitch x="58" y="36" /><partstitch x="58" y="35" /><partstitch x="58" y="35" /><partstitch x="59" y="35" /><partstitch x="59" y="35" /><partstitch x="59" y="34" /><partstitch x="59" y="34" /><partstitch x="59" y="34" /><partstitch x="59" y="34" /><partstitch x="59" y="34" /><partstitch x="60" y="34" /><partstitch x="60" y="35" /><partstitch x="60" y="35" /><partstitch x="61" y="35" /><partstitch x="62" y="36" /><partstitch x="62" y="36" /><partstitch x="63" y="36" /><partstitch x="64" y="37" /><partstitch x="65" y="38" /><partstitch x="66" y="38" /><partstitch x="66" y="38" /><partstitch x="67" y="39" /><partstitch x="67" y="39" /><partstitch x="67" y="39" /><partstitch x="68" y="39" /><partstitch x="68" y="39" /><partstitch x="68" y="39" /><partstitch x="68" y="39" /><partstitch x="68" y="38" /><partstitch x="68" y="38" /><partstitch x="69" y="38" /><partstitch x="69" y="38" /><partstitch x="69" y="37" /><partstitch x="69" y="37" /><partstitch x="69" y="36" /><partstitch x="69" y="36" /><partstitch x="69" y="35" /><partstitch x="69" y="35" /><partstitch x="69" y="34" /><partstitch x="69" y="34" /><partstitch x="69" y="34" /><partstitch x="69" y="34" /><partstitch x="69" y="34" /><partstitch x="69" y="34" /><partstitch x="69" y="33" /><partstitch x="69" y="33" /><partstitch x="69" y="33" /><partstitch x="69" y="33" /><partstitch x="69" y="33" /><partstitch x="69" y="33" /><partstitch x="69" y="33" /><partstitch x="69" y="33" /><partstitch x="69" y="33" /><partstitch x="69" y="32" /><partstitch x="68" y="32" /><partstitch x="68" y="32" /><partstitch x="67" y="32" /><partstitch x="67" y="32" /><partstitch x="67" y="32" /><partstitch x="67" y="32" /><partstitch x="67" y="32" /><partstitch x="67" y="32" /><partstitch x="66" y="32" /><partstitch x="66" y="32" /><partstitch x="66" y="32" /><partstitch x="66" y="31" /><partstitch x="66" y="31" /><partstitch x="66" y="31" /><partstitch x="66" y="31" /><partstitch x="66" y="31" /><partstitch x="66" y="31" /></root>